AREA_2,CODE_2,NAME_2,adm0,adm1,adm2,adm3,islands,province,regency,district,residency,government,division,subdivision,nativemen,nativewomen,nativetotal,eurmen,eurwomen,eurtotal,chinesemen,chinesewomen,chinesetotal,othermen,otherwomen,othertotal,totalmen,totalwomen,total
CELEBES EN ONDERHOORIGHEDEN,28,Kendari,"BORNEO, CELEBES, THE LESSER SUNDA ISLANDS AND THE MOLUCCAS",Govern. CELEBES EN ONDERH,Div. BOETON EN LAIWOEI,Kendari,"BORNEO, CELEBES, THE LESSER SUNDA ISLANDS AND THE MOLUCCAS",,,,,Govern. CELEBES EN ONDERH,Div. BOETON EN LAIWOEI,Kendari,45178,44082,89260,14,11,25,298,152,450,52,47,99,45542,44292,89834
CELEBES EN ONDERHOORIGHEDEN,30,Boeton en Toekang Besi eilanden,"BORNEO, CELEBES, THE LESSER SUNDA ISLANDS AND THE MOLUCCAS",Govern. CELEBES EN ONDERH,Div. BOETON EN LAIWOEI,Boeton en Toekang Besi eilanden,"BORNEO, CELEBES, THE LESSER SUNDA ISLANDS AND THE MOLUCCAS",,,,,Govern. CELEBES EN ONDERH,Div. BOETON EN LAIWOEI,Boeton en Toekangbesi eil,102372,119921,222293,84,49,133,155,62,217,13,9,22,102624,120041,222665
CELEBES EN ONDERHOORIGHEDEN,29,Moena,"BORNEO, CELEBES, THE LESSER SUNDA ISLANDS AND THE MOLUCCAS",Govern. CELEBES EN ONDERH,Div. BOETON EN LAIWOEI,Moena,"BORNEO, CELEBES, THE LESSER SUNDA ISLANDS AND THE MOLUCCAS",,,,,Govern. CELEBES EN ONDERH,Div. BOETON EN LAIWOEI,Moena,40170,47516,87686,18,9,27,100,76,176,8,5,13,40296,47606,87902
CELEBES EN ONDERHOORIGHEDEN,13,Wadjo,"BORNEO, CELEBES, THE LESSER SUNDA ISLANDS AND THE MOLUCCAS",Govern. CELEBES EN ONDERH,Div. BONE,Wadjo,"BORNEO, CELEBES, THE LESSER SUNDA ISLANDS AND THE MOLUCCAS",,,,,Govern. CELEBES EN ONDERH,Div. BONE,Wadjo,92372,99697,192069,32,20,52,158,78,236,92,67,159,92654,99862,192516
CELEBES EN ONDERHOORIGHEDEN,11,Bone,"BORNEO, CELEBES, THE LESSER SUNDA ISLANDS AND THE MOLUCCAS",Govern. CELEBES EN ONDERH,Div. BONE,Bone,"BORNEO, CELEBES, THE LESSER SUNDA ISLANDS AND THE MOLUCCAS",,,,,Govern. CELEBES EN ONDERH,Div. BONE,Bone,168296,176616,344912,50,30,80,205,112,317,228,265,493,168779,177023,345802
CELEBES EN ONDERHOORIGHEDEN,12,Soppeng,"BORNEO, CELEBES, THE LESSER SUNDA ISLANDS AND THE MOLUCCAS",Govern. CELEBES EN ONDERH,Div. BONE,Soppeng,"BORNEO, CELEBES, THE LESSER SUNDA ISLANDS AND THE MOLUCCAS",,,,,Govern. CELEBES EN ONDERH,Div. BONE,Soppeng,55265,58077,113342,3,3,6,67,45,112,163,172,335,55498,58297,113795
CELEBES EN ONDERHOORIGHEDEN,7,Bonthain,"BORNEO, CELEBES, THE LESSER SUNDA ISLANDS AND THE MOLUCCAS",Govern. CELEBES EN ONDERH,Div. BONTHAIN,Bonthain,"BORNEO, CELEBES, THE LESSER SUNDA ISLANDS AND THE MOLUCCAS",,,,,Govern. CELEBES EN ONDERH,Div. BONTHAIN,Bonthain,32019,32300,64319,41,49,90,194,176,370,13,11,24,32267,32536,64803
CELEBES EN ONDERHOORIGHEDEN,8,Boeloekoemba,"BORNEO, CELEBES, THE LESSER SUNDA ISLANDS AND THE MOLUCCAS",Govern. CELEBES EN ONDERH,Div. BONTHAIN,Boeloekoemba,"BORNEO, CELEBES, THE LESSER SUNDA ISLANDS AND THE MOLUCCAS",,,,,Govern. CELEBES EN ONDERH,Div. BONTHAIN,Boeloekoemba,56542,58064,114606,28,16,44,85,60,145,21,16,37,56676,58156,114832
CELEBES EN ONDERHOORIGHEDEN,9,Sindjai,"BORNEO, CELEBES, THE LESSER SUNDA ISLANDS AND THE MOLUCCAS",Govern. CELEBES EN ONDERH,Div. BONTHAIN,Sindjai,"BORNEO, CELEBES, THE LESSER SUNDA ISLANDS AND THE MOLUCCAS",,,,,Govern. CELEBES EN ONDERH,Div. BONTHAIN,Sindjai,46937,49835,96772,6,5,11,97,49,146,67,40,107,47107,49929,97036
CELEBES EN ONDERHOORIGHEDEN,10,Saleier,"BORNEO, CELEBES, THE LESSER SUNDA ISLANDS AND THE MOLUCCAS",Govern. CELEBES EN ONDERH,Div. BONTHAIN,Saleier,"BORNEO, CELEBES, THE LESSER SUNDA ISLANDS AND THE MOLUCCAS",,,,,Govern. CELEBES EN ONDERH,Div. BONTHAIN,Saleier,37047,39060,76107,4,1,5,258,124,382,4,3,7,37313,39188,76501
CELEBES EN ONDERHOORIGHEDEN,25,Masamba,"BORNEO, CELEBES, THE LESSER SUNDA ISLANDS AND THE MOLUCCAS",Govern. CELEBES EN ONDERH,Div. LOEWOE,Masamba,"BORNEO, CELEBES, THE LESSER SUNDA ISLANDS AND THE MOLUCCAS",,,,,Govern. CELEBES EN ONDERH,Div. LOEWOE,Masamba,27017,27356,54373,5,4,9,48,25,73,4,6,10,27074,27391,54465
CELEBES EN ONDERHOORIGHEDEN,23,Makale-Rantepao,"BORNEO, CELEBES, THE LESSER SUNDA ISLANDS AND THE MOLUCCAS",Govern. CELEBES EN ONDERH,Div. LOEWOE,Makale-Rantepao,"BORNEO, CELEBES, THE LESSER SUNDA ISLANDS AND THE MOLUCCAS",,,,,Govern. CELEBES EN ONDERH,Div. LOEWOE,Mkale-Rantepao,92555,93714,186269,33,28,61,52,36,88,2,2,4,92642,93780,186422
CELEBES EN ONDERHOORIGHEDEN,24,Palopo,"BORNEO, CELEBES, THE LESSER SUNDA ISLANDS AND THE MOLUCCAS",Govern. CELEBES EN ONDERH,Div. LOEWOE,Palopo,"BORNEO, CELEBES, THE LESSER SUNDA ISLANDS AND THE MOLUCCAS",,,,,Govern. CELEBES EN ONDERH,Div. LOEWOE,Palopo,44929,44865,89794,62,47,109,223,127,350,90,88,178,45304,45127,90431
CELEBES EN ONDERHOORIGHEDEN,27,Kolaka,"BORNEO, CELEBES, THE LESSER SUNDA ISLANDS AND THE MOLUCCAS",Govern. CELEBES EN ONDERH,Div. LOEWOE,Kolaka,"BORNEO, CELEBES, THE LESSER SUNDA ISLANDS AND THE MOLUCCAS",,,,,Govern. CELEBES EN ONDERH,Div. LOEWOE,Kolaka,18633,17250,35883,5,4,9,66,46,112,13,13,26,18717,17313,36030
CELEBES EN ONDERHOORIGHEDEN,26,Malili,"BORNEO, CELEBES, THE LESSER SUNDA ISLANDS AND THE MOLUCCAS",Govern. CELEBES EN ONDERH,Div. LOEWOE,Malili,"BORNEO, CELEBES, THE LESSER SUNDA ISLANDS AND THE MOLUCCAS",,,,,Govern. CELEBES EN ONDERH,Div. LOEWOE,Malili,14782,13677,28459,19,15,34,84,65,149,39,18,57,14924,13775,28699
CELEBES EN ONDERHOORIGHEDEN,6,Djeneponto,"BORNEO, CELEBES, THE LESSER SUNDA ISLANDS AND THE MOLUCCAS",Govern. CELEBES EN ONDERH,Div. MAKASSAR,Djeneponto,"BORNEO, CELEBES, THE LESSER SUNDA ISLANDS AND THE MOLUCCAS",,,,,Govern. CELEBES EN ONDERH,Div. MAKASSAR,Djeneponto,73182,74390,147572,14,10,24,28,28,56,0,0,0,73224,74428,147652
CELEBES EN ONDERHOORIGHEDEN,5,Takalar,"BORNEO, CELEBES, THE LESSER SUNDA ISLANDS AND THE MOLUCCAS",Govern. CELEBES EN ONDERH,Div. MAKASSAR,Takalar,"BORNEO, CELEBES, THE LESSER SUNDA ISLANDS AND THE MOLUCCAS",,,,,Govern. CELEBES EN ONDERH,Div. MAKASSAR,Takalar,54847,55155,110002,2,2,4,162,136,298,0,0,0,55011,55293,110304
CELEBES EN ONDERHOORIGHEDEN,4,Goa,"BORNEO, CELEBES, THE LESSER SUNDA ISLANDS AND THE MOLUCCAS",Govern. CELEBES EN ONDERH,Div. MAKASSAR,Goa,"BORNEO, CELEBES, THE LESSER SUNDA ISLANDS AND THE MOLUCCAS",,,,,Govern. CELEBES EN ONDERH,Div. MAKASSAR,Goa,49829,50917,100746,22,16,38,307,193,500,10,13,23,50168,51139,101307
CELEBES EN ONDERHOORIGHEDEN,2,Maros,"BORNEO, CELEBES, THE LESSER SUNDA ISLANDS AND THE MOLUCCAS",Govern. CELEBES EN ONDERH,Div. MAKASSAR,Maros,"BORNEO, CELEBES, THE LESSER SUNDA ISLANDS AND THE MOLUCCAS",,,,,Govern. CELEBES EN ONDERH,Div. MAKASSAR,Maros,48097,49436,97533,19,10,29,118,73,191,13,11,24,48247,49530,97777
CELEBES EN ONDERHOORIGHEDEN,1,Makassar,"BORNEO, CELEBES, THE LESSER SUNDA ISLANDS AND THE MOLUCCAS",Govern. CELEBES EN ONDERH,Div. MAKASSAR,Makassar,"BORNEO, CELEBES, THE LESSER SUNDA ISLANDS AND THE MOLUCCAS",,,,,Govern. CELEBES EN ONDERH,Div. MAKASSAR,Makassar,53578,47727,101305,1744,1713,3457,9277,6205,15482,475,322,797,65074,55967,121041
CELEBES EN ONDERHOORIGHEDEN,3,Pangkadjene,"BORNEO, CELEBES, THE LESSER SUNDA ISLANDS AND THE MOLUCCAS",Govern. CELEBES EN ONDERH,Div. MAKASSAR,Pangkadjene,"BORNEO, CELEBES, THE LESSER SUNDA ISLANDS AND THE MOLUCCAS",,,,,Govern. CELEBES EN ONDERH,Div. MAKASSAR,Pangkadjene,46896,47201,94097,5,4,9,85,75,160,11,7,18,46997,47287,94284
CELEBES EN ONDERHOORIGHEDEN,22,Mamoedjoe,"BORNEO, CELEBES, THE LESSER SUNDA ISLANDS AND THE MOLUCCAS",Govern. CELEBES EN ONDERH,Div. MANDAR,Mamoedjoe,"BORNEO, CELEBES, THE LESSER SUNDA ISLANDS AND THE MOLUCCAS",,,,,Govern. CELEBES EN ONDERH,Div. MANDAR,Mamoedjoe,21517,20421,41938,16,5,21,136,72,208,48,34,82,21717,20532,42249
CELEBES EN ONDERHOORIGHEDEN,19,Balangnipasche en Binoeangsche Benedenlanden,"BORNEO, CELEBES, THE LESSER SUNDA ISLANDS AND THE MOLUCCAS",Govern. CELEBES EN ONDERH,Div. MANDAR,Balangnipasche en Binoeangsche Benedenlanden,"BORNEO, CELEBES, THE LESSER SUNDA ISLANDS AND THE MOLUCCAS",,,,,Govern. CELEBES EN ONDERH,Div. MANDAR,Balangnipasche en Binoeangsche Benedenlanden,48497,49941,98438,4,4,8,111,101,212,39,45,84,48651,50091,98742
CELEBES EN ONDERHOORIGHEDEN,20,Madjene,"BORNEO, CELEBES, THE LESSER SUNDA ISLANDS AND THE MOLUCCAS",Govern. CELEBES EN ONDERH,Div. MANDAR,Madjene,"BORNEO, CELEBES, THE LESSER SUNDA ISLANDS AND THE MOLUCCAS",,,,,Govern. CELEBES EN ONDERH,Div. MANDAR,Madjene,33382,34393,67775,23,23,46,99,48,147,22,24,46,33526,34488,68014
CELEBES EN ONDERHOORIGHEDEN,21,Boven-Binoeang en Pitoe-Oeloema-Salo,"BORNEO, CELEBES, THE LESSER SUNDA ISLANDS AND THE MOLUCCAS",Govern. CELEBES EN ONDERH,Div. MANDAR,Boven-Binoeang en Pitoe-Oeloema-Salo,"BORNEO, CELEBES, THE LESSER SUNDA ISLANDS AND THE MOLUCCAS",,,,,Govern. CELEBES EN ONDERH,Div. MANDAR,Boven-Binoeang en Pitoe-oeloema-salo,19859,20125,39984,18,13,31,24,14,38,6,1,7,19907,20153,40060
CELEBES EN ONDERHOORIGHEDEN,14,Barroe,"BORNEO, CELEBES, THE LESSER SUNDA ISLANDS AND THE MOLUCCAS",Govern. CELEBES EN ONDERH,Div. PARE-PARE,Barroe,"BORNEO, CELEBES, THE LESSER SUNDA ISLANDS AND THE MOLUCCAS",,,,,Govern. CELEBES EN ONDERH,Div. PARE-PARE,Barroe,29813,29892,59705,6,1,7,64,42,106,119,113,232,30002,30048,60050
CELEBES EN ONDERHOORIGHEDEN,17,Pinrang,"BORNEO, CELEBES, THE LESSER SUNDA ISLANDS AND THE MOLUCCAS",Govern. CELEBES EN ONDERH,Div. PARE-PARE,Pinrang,"BORNEO, CELEBES, THE LESSER SUNDA ISLANDS AND THE MOLUCCAS",,,,,Govern. CELEBES EN ONDERH,Div. PARE-PARE,Pinrang,38171,39310,77481,2,1,3,32,24,56,109,99,208,38314,39434,77748
CELEBES EN ONDERHOORIGHEDEN,18,Enrekang,"BORNEO, CELEBES, THE LESSER SUNDA ISLANDS AND THE MOLUCCAS",Govern. CELEBES EN ONDERH,Div. PARE-PARE,Enrekang,"BORNEO, CELEBES, THE LESSER SUNDA ISLANDS AND THE MOLUCCAS",,,,,Govern. CELEBES EN ONDERH,Div. PARE-PARE,Enrekang,37068,39166,76234,15,13,28,43,25,68,0,0,0,37126,39204,76330
CELEBES EN ONDERHOORIGHEDEN,16,Sidenreng-Rappang,"BORNEO, CELEBES, THE LESSER SUNDA ISLANDS AND THE MOLUCCAS",Govern. CELEBES EN ONDERH,Div. PARE-PARE,Sidenreng-Rappang,"BORNEO, CELEBES, THE LESSER SUNDA ISLANDS AND THE MOLUCCAS",,,,,Govern. CELEBES EN ONDERH,Div. PARE-PARE,Sidenreng-Rappang,56549,60615,117164,0,1,1,89,45,134,326,369,695,56964,61030,117994
CELEBES EN ONDERHOORIGHEDEN,15,Pare-Pare,"BORNEO, CELEBES, THE LESSER SUNDA ISLANDS AND THE MOLUCCAS",Govern. CELEBES EN ONDERH,Div. PARE-PARE,Pare-Pare,"BORNEO, CELEBES, THE LESSER SUNDA ISLANDS AND THE MOLUCCAS",,,,,Govern. CELEBES EN ONDERH,Div. PARE-PARE,Pare - Pare,18274,18825,37099,69,67,136,242,159,401,162,168,330,18747,19219,37966
ZUIDER- EN OOSTERAFD. VAN BORNEO,6,Martapoera,"BORNEO, CELEBES, THE LESSER SUNDA ISLANDS AND THE MOLUCCAS",Rsdcy Z. EN O. AFD. V. BORNEO,Div. BANDJERMASIN,Martapoera,"BORNEO, CELEBES, THE LESSER SUNDA ISLANDS AND THE MOLUCCAS",,,,Rsdcy Z. EN O. AFD. V. BORNEO,,Div. BANDJERMASIN,Martapoera,36387,38052,74439,66,43,109,109,81,190,320,332,652,36882,38508,75390
ZUIDER- EN OOSTERAFD. VAN BORNEO,7,Bandjermasin,"BORNEO, CELEBES, THE LESSER SUNDA ISLANDS AND THE MOLUCCAS",Rsdcy Z. EN O. AFD. V. BORNEO,Div. BANDJERMASIN,Bandjermasin,"BORNEO, CELEBES, THE LESSER SUNDA ISLANDS AND THE MOLUCCAS",,,,Rsdcy Z. EN O. AFD. V. BORNEO,,Div. BANDJERMASIN,Bandjermasin,38573,40145,78718,523,430,953,2713,2326,5039,909,1069,1978,42718,43970,86688
ZUIDER- EN OOSTERAFD. VAN BORNEO,5,Pelaihari,"BORNEO, CELEBES, THE LESSER SUNDA ISLANDS AND THE MOLUCCAS",Rsdcy Z. EN O. AFD. V. BORNEO,Div. BANDJERMASIN,Pelaihari,"BORNEO, CELEBES, THE LESSER SUNDA ISLANDS AND THE MOLUCCAS",,,,Rsdcy Z. EN O. AFD. V. BORNEO,,Div. BANDJERMASIN,Pelaihari,13019,13080,26099,14,8,22,267,250,517,97,70,167,13397,13408,26805
ZUIDER- EN OOSTERAFD. VAN BORNEO,8,Marabahan,"BORNEO, CELEBES, THE LESSER SUNDA ISLANDS AND THE MOLUCCAS",Rsdcy Z. EN O. AFD. V. BORNEO,Div. BANDJERMASIN,Marabahan,"BORNEO, CELEBES, THE LESSER SUNDA ISLANDS AND THE MOLUCCAS",,,,Rsdcy Z. EN O. AFD. V. BORNEO,,Div. BANDJERMASIN,Marabahan,10515,11069,21584,0,0,0,1,4,5,59,59,118,10575,11132,21707
ZUIDER- EN OOSTERAFD. VAN BORNEO,26,Tidoengsche landen,"BORNEO, CELEBES, THE LESSER SUNDA ISLANDS AND THE MOLUCCAS",Rsdcy Z. EN O. AFD. V. BORNEO,Div. BOELOENGAN,Tidoengsche landen,"BORNEO, CELEBES, THE LESSER SUNDA ISLANDS AND THE MOLUCCAS",,,,Rsdcy Z. EN O. AFD. V. BORNEO,,Div. BOELOENGAN,Tidoengsche landen,13821,13682,27503,2,0,2,147,56,203,128,116,244,14098,13854,27952
ZUIDER- EN OOSTERAFD. VAN BORNEO,25,Apokajan,"BORNEO, CELEBES, THE LESSER SUNDA ISLANDS AND THE MOLUCCAS",Rsdcy Z. EN O. AFD. V. BORNEO,Div. BOELOENGAN,Apokajan,"BORNEO, CELEBES, THE LESSER SUNDA ISLANDS AND THE MOLUCCAS",,,,Rsdcy Z. EN O. AFD. V. BORNEO,,Div. BOELOENGAN,Apokajan,8601,8269,16870,9,0,9,1,0,1,0,0,0,8611,8269,16880
ZUIDER- EN OOSTERAFD. VAN BORNEO,24,Boeloengan,"BORNEO, CELEBES, THE LESSER SUNDA ISLANDS AND THE MOLUCCAS",Rsdcy Z. EN O. AFD. V. BORNEO,Div. BOELOENGAN,Boeloengan,"BORNEO, CELEBES, THE LESSER SUNDA ISLANDS AND THE MOLUCCAS",,,,Rsdcy Z. EN O. AFD. V. BORNEO,,Div. BOELOENGAN,Boeloengan,14322,12072,26394,366,238,604,2387,1100,3487,360,279,639,17435,13689,31124
ZUIDER- EN OOSTERAFD. VAN BORNEO,17,Moearatewe,"BORNEO, CELEBES, THE LESSER SUNDA ISLANDS AND THE MOLUCCAS",Rsdcy Z. EN O. AFD. V. BORNEO,Div. DOESOENLANDEN,Moearatewe,"BORNEO, CELEBES, THE LESSER SUNDA ISLANDS AND THE MOLUCCAS",,,,Rsdcy Z. EN O. AFD. V. BORNEO,,Div. DOESOENLANDEN,Moearatewe,18523,18185,36708,6,1,7,138,89,227,7,2,9,18674,18277,36951
ZUIDER- EN OOSTERAFD. VAN BORNEO,18,Poeroektjaoe,"BORNEO, CELEBES, THE LESSER SUNDA ISLANDS AND THE MOLUCCAS",Rsdcy Z. EN O. AFD. V. BORNEO,Div. DOESOENLANDEN,Poeroektjaoe,"BORNEO, CELEBES, THE LESSER SUNDA ISLANDS AND THE MOLUCCAS",,,,Rsdcy Z. EN O. AFD. V. BORNEO,,Div. DOESOENLANDEN,Poeroektjaoe,9513,8810,18323,21,14,35,86,70,156,0,0,0,9620,8894,18514
ZUIDER- EN OOSTERAFD. VAN BORNEO,13,Kandangan (in ZUIDER- EN OOSTERAFD. VAN BORNEO),"BORNEO, CELEBES, THE LESSER SUNDA ISLANDS AND THE MOLUCCAS",Rsdcy Z. EN O. AFD. V. BORNEO,Div. HOELOESOENGAI,Kandangan (in ZUIDER- EN OOSTERAFD. VAN BORNEO),"BORNEO, CELEBES, THE LESSER SUNDA ISLANDS AND THE MOLUCCAS",,,,Rsdcy Z. EN O. AFD. V. BORNEO,,Div. HOELOESOENGAI,Kandangan,59177,64049,123226,44,43,87,100,71,171,207,215,422,59528,64378,123906
ZUIDER- EN OOSTERAFD. VAN BORNEO,14,Barabai,"BORNEO, CELEBES, THE LESSER SUNDA ISLANDS AND THE MOLUCCAS",Rsdcy Z. EN O. AFD. V. BORNEO,Div. HOELOESOENGAI,Barabai,"BORNEO, CELEBES, THE LESSER SUNDA ISLANDS AND THE MOLUCCAS",,,,Rsdcy Z. EN O. AFD. V. BORNEO,,Div. HOELOESOENGAI,Barabai,59035,64718,123753,27,11,38,192,103,295,141,133,274,59395,64965,124360
ZUIDER- EN OOSTERAFD. VAN BORNEO,15,Amoentai,"BORNEO, CELEBES, THE LESSER SUNDA ISLANDS AND THE MOLUCCAS",Rsdcy Z. EN O. AFD. V. BORNEO,Div. HOELOESOENGAI,Amoentai,"BORNEO, CELEBES, THE LESSER SUNDA ISLANDS AND THE MOLUCCAS",,,,Rsdcy Z. EN O. AFD. V. BORNEO,,Div. HOELOESOENGAI,Amoentai,76516,82944,159460,16,8,24,75,55,130,14,8,22,76621,83015,159636
ZUIDER- EN OOSTERAFD. VAN BORNEO,12,Rantau,"BORNEO, CELEBES, THE LESSER SUNDA ISLANDS AND THE MOLUCCAS",Rsdcy Z. EN O. AFD. V. BORNEO,Div. HOELOESOENGAI,Rantau,"BORNEO, CELEBES, THE LESSER SUNDA ISLANDS AND THE MOLUCCAS",,,,Rsdcy Z. EN O. AFD. V. BORNEO,,Div. HOELOESOENGAI,Rantau,27460,30339,57799,10,8,18,25,16,41,16,17,33,27511,30380,57891
ZUIDER- EN OOSTERAFD. VAN BORNEO,16,Tandjoeng (in ZUIDER- EN OOSTERAFD. VAN BORNEO),"BORNEO, CELEBES, THE LESSER SUNDA ISLANDS AND THE MOLUCCAS",Rsdcy Z. EN O. AFD. V. BORNEO,Div. HOELOESOENGAI,Tandjoeng (in ZUIDER- EN OOSTERAFD. VAN BORNEO),"BORNEO, CELEBES, THE LESSER SUNDA ISLANDS AND THE MOLUCCAS",,,,Rsdcy Z. EN O. AFD. V. BORNEO,,Div. HOELOESOENGAI,Tandjoeng,42065,45268,87333,20,7,27,67,33,100,0,0,0,42152,45308,87460
ZUIDER- EN OOSTERAFD. VAN BORNEO,2,Sampit,"BORNEO, CELEBES, THE LESSER SUNDA ISLANDS AND THE MOLUCCAS",Rsdcy Z. EN O. AFD. V. BORNEO,Div. KOEALAKAPOEAS,Sampit,"BORNEO, CELEBES, THE LESSER SUNDA ISLANDS AND THE MOLUCCAS",,,,Rsdcy Z. EN O. AFD. V. BORNEO,,Div. KOEALAKAPOEAS,Sampit,30722,29323,60045,12,7,19,503,360,863,81,77,158,31318,29767,61085
ZUIDER- EN OOSTERAFD. VAN BORNEO,4,Beneden-Dajak,"BORNEO, CELEBES, THE LESSER SUNDA ISLANDS AND THE MOLUCCAS",Rsdcy Z. EN O. AFD. V. BORNEO,Div. KOEALAKAPOEAS,Beneden-Dajak,"BORNEO, CELEBES, THE LESSER SUNDA ISLANDS AND THE MOLUCCAS",,,,Rsdcy Z. EN O. AFD. V. BORNEO,,Div. KOEALAKAPOEAS,Beneden-Dajak,20232,19702,39934,16,9,25,234,191,425,5,3,8,20487,19905,40392
ZUIDER- EN OOSTERAFD. VAN BORNEO,1,Kotawaringin,"BORNEO, CELEBES, THE LESSER SUNDA ISLANDS AND THE MOLUCCAS",Rsdcy Z. EN O. AFD. V. BORNEO,Div. KOEALAKAPOEAS,Kotawaringin,"BORNEO, CELEBES, THE LESSER SUNDA ISLANDS AND THE MOLUCCAS",,,,Rsdcy Z. EN O. AFD. V. BORNEO,,Div. KOEALAKAPOEAS,Kota Waringin,14451,13388,27839,3,2,5,202,149,351,59,66,125,14715,13605,28320
ZUIDER- EN OOSTERAFD. VAN BORNEO,3,Boven-Dajak,"BORNEO, CELEBES, THE LESSER SUNDA ISLANDS AND THE MOLUCCAS",Rsdcy Z. EN O. AFD. V. BORNEO,Div. KOEALAKAPOEAS,Boven-Dajak,"BORNEO, CELEBES, THE LESSER SUNDA ISLANDS AND THE MOLUCCAS",,,,Rsdcy Z. EN O. AFD. V. BORNEO,,Div. KOEALAKAPOEAS,Boven-Dajak,8443,8878,17321,4,2,6,3,2,5,0,0,0,8450,8882,17332
ZUIDER- EN OOSTERAFD. VAN BORNEO,22,Boven-Mahakam,"BORNEO, CELEBES, THE LESSER SUNDA ISLANDS AND THE MOLUCCAS",Rsdcy Z. EN O. AFD. V. BORNEO,Div. SAMARINDA,Boven-Mahakam,"BORNEO, CELEBES, THE LESSER SUNDA ISLANDS AND THE MOLUCCAS",,,,Rsdcy Z. EN O. AFD. V. BORNEO,,Div. SAMARINDA,Boven-Mahakam,6405,5632,12037,8,8,16,95,50,145,11,25,36,6519,5715,12234
ZUIDER- EN OOSTERAFD. VAN BORNEO,19,Balikpapan,"BORNEO, CELEBES, THE LESSER SUNDA ISLANDS AND THE MOLUCCAS",Rsdcy Z. EN O. AFD. V. BORNEO,Div. SAMARINDA,Balikpapan,"BORNEO, CELEBES, THE LESSER SUNDA ISLANDS AND THE MOLUCCAS",,,,Rsdcy Z. EN O. AFD. V. BORNEO,,Div. SAMARINDA,Balikpapan,23637,15413,39050,714,537,1251,3771,1413,5184,1038,172,1210,29160,17535,46695
ZUIDER- EN OOSTERAFD. VAN BORNEO,23,Beraoe,"BORNEO, CELEBES, THE LESSER SUNDA ISLANDS AND THE MOLUCCAS",Rsdcy Z. EN O. AFD. V. BORNEO,Div. SAMARINDA,Beraoe,"BORNEO, CELEBES, THE LESSER SUNDA ISLANDS AND THE MOLUCCAS",,,,Rsdcy Z. EN O. AFD. V. BORNEO,,Div. SAMARINDA,Beraoe,10888,8671,19559,73,54,127,477,238,715,149,94,243,11587,9057,20644
ZUIDER- EN OOSTERAFD. VAN BORNEO,20,West-Koetai,"BORNEO, CELEBES, THE LESSER SUNDA ISLANDS AND THE MOLUCCAS",Rsdcy Z. EN O. AFD. V. BORNEO,Div. SAMARINDA,West-Koetai,"BORNEO, CELEBES, THE LESSER SUNDA ISLANDS AND THE MOLUCCAS",,,,Rsdcy Z. EN O. AFD. V. BORNEO,,Div. SAMARINDA,West-Koetai,42746,38710,81456,51,26,77,1035,437,1472,186,107,293,44018,39280,83298
ZUIDER- EN OOSTERAFD. VAN BORNEO,21,Oost-Koetai,"BORNEO, CELEBES, THE LESSER SUNDA ISLANDS AND THE MOLUCCAS",Rsdcy Z. EN O. AFD. V. BORNEO,Div. SAMARINDA,Oost-Koetai,"BORNEO, CELEBES, THE LESSER SUNDA ISLANDS AND THE MOLUCCAS",,,,Rsdcy Z. EN O. AFD. V. BORNEO,,Div. SAMARINDA,Oost-Koetai,24182,19589,43771,508,333,841,2759,1244,4003,422,187,609,27871,21353,49224
ZUIDER- EN OOSTERAFD. VAN BORNEO,11,Pasir,"BORNEO, CELEBES, THE LESSER SUNDA ISLANDS AND THE MOLUCCAS",Rsdcy Z. EN O. AFD. V. BORNEO,Div. Z.O.K.V. BORNEO,Pasir,"BORNEO, CELEBES, THE LESSER SUNDA ISLANDS AND THE MOLUCCAS",,,,Rsdcy Z. EN O. AFD. V. BORNEO,,Div. Z.O.K.V. BORNEO,Pasir,20546,19344,39890,39,23,62,562,245,807,110,47,157,21257,19659,40916
ZUIDER- EN OOSTERAFD. VAN BORNEO,9,Poelaulaoet,"BORNEO, CELEBES, THE LESSER SUNDA ISLANDS AND THE MOLUCCAS",Rsdcy Z. EN O. AFD. V. BORNEO,Div. Z.O.K.V. BORNEO,Poelaulaoet,"BORNEO, CELEBES, THE LESSER SUNDA ISLANDS AND THE MOLUCCAS",,,,Rsdcy Z. EN O. AFD. V. BORNEO,,Div. Z.O.K.V. BORNEO,Poelaulaoet,15478,12454,27932,92,89,181,708,437,1145,152,116,268,16430,13096,29526
ZUIDER- EN OOSTERAFD. VAN BORNEO,10,Tanahboemboe,"BORNEO, CELEBES, THE LESSER SUNDA ISLANDS AND THE MOLUCCAS",Rsdcy Z. EN O. AFD. V. BORNEO,Div. Z.O.K.V. BORNEO,Tanahboemboe,"BORNEO, CELEBES, THE LESSER SUNDA ISLANDS AND THE MOLUCCAS",,,,Rsdcy Z. EN O. AFD. V. BORNEO,,Div. Z.O.K.V. BORNEO,Tanahboemboe,20246,20198,40444,11,6,17,413,199,612,112,99,211,20782,20502,41284
BALI EN LOMBOK,10,Oost-Lombok,"BORNEO, CELEBES, THE LESSER SUNDA ISLANDS AND THE MOLUCCAS",Rsdcy. BALI EN LOMBOK,Div. LOMBOK,Oost-Lombok,"BORNEO, CELEBES, THE LESSER SUNDA ISLANDS AND THE MOLUCCAS",,,,Rsdcy. BALI EN LOMBOK,,Div. LOMBOK,Oost-Lombok,129123,133800,262923,9,10,19,438,299,737,157,180,337,129727,134289,264016
BALI EN LOMBOK,8,West-Lombok,"BORNEO, CELEBES, THE LESSER SUNDA ISLANDS AND THE MOLUCCAS",Rsdcy. BALI EN LOMBOK,Div. LOMBOK,West-Lombok,"BORNEO, CELEBES, THE LESSER SUNDA ISLANDS AND THE MOLUCCAS",,,,Rsdcy. BALI EN LOMBOK,,Div. LOMBOK,West-Lombok,109919,114123,224042,60,53,113,1360,935,2295,260,212,472,111599,115323,226922
BALI EN LOMBOK,9,Midden-Lombok,"BORNEO, CELEBES, THE LESSER SUNDA ISLANDS AND THE MOLUCCAS",Rsdcy. BALI EN LOMBOK,Div. LOMBOK,Midden-Lombok,"BORNEO, CELEBES, THE LESSER SUNDA ISLANDS AND THE MOLUCCAS",,,,Rsdcy. BALI EN LOMBOK,,Div. LOMBOK,Midden-Lombok,103326,106515,209841,7,7,14,181,107,288,97,112,209,103611,106741,210352
BALI EN LOMBOK,1,Boeleleng,"BORNEO, CELEBES, THE LESSER SUNDA ISLANDS AND THE MOLUCCAS",Rsdcy. BALI EN LOMBOK,Div. SINGARADJA,Boeleleng,"BORNEO, CELEBES, THE LESSER SUNDA ISLANDS AND THE MOLUCCAS",,,,Rsdcy. BALI EN LOMBOK,,Div. SINGARADJA,Boeleleng,81254,86449,167703,108,89,197,1276,979,2255,272,211,483,82910,87728,170638
BALI EN LOMBOK,2,Djembrana,"BORNEO, CELEBES, THE LESSER SUNDA ISLANDS AND THE MOLUCCAS",Rsdcy. BALI EN LOMBOK,Div. SINGARADJA,Djembrana,"BORNEO, CELEBES, THE LESSER SUNDA ISLANDS AND THE MOLUCCAS",,,,Rsdcy. BALI EN LOMBOK,,Div. SINGARADJA,Djembrana,23639,23080,46719,12,8,20,161,136,297,105,120,225,23917,23344,47261
BALI EN LOMBOK,3,Tabanan,"BORNEO, CELEBES, THE LESSER SUNDA ISLANDS AND THE MOLUCCAS",Rsdcy. BALI EN LOMBOK,Div. ZUID-BALI,Tabanan,"BORNEO, CELEBES, THE LESSER SUNDA ISLANDS AND THE MOLUCCAS",,,,Rsdcy. BALI EN LOMBOK,,Div. ZUID-BALI,Tabanan,86680,89098,175778,1,0,1,619,649,1268,67,52,119,87367,89799,177166
BALI EN LOMBOK,4,Badoeng,"BORNEO, CELEBES, THE LESSER SUNDA ISLANDS AND THE MOLUCCAS",Rsdcy. BALI EN LOMBOK,Div. ZUID-BALI,Badoeng,"BORNEO, CELEBES, THE LESSER SUNDA ISLANDS AND THE MOLUCCAS",,,,Rsdcy. BALI EN LOMBOK,,Div. ZUID-BALI,Badoeng,95073,95818,190891,94,64,158,1052,640,1692,178,73,251,96397,96595,192992
BALI EN LOMBOK,7,Karangasem,"BORNEO, CELEBES, THE LESSER SUNDA ISLANDS AND THE MOLUCCAS",Rsdcy. BALI EN LOMBOK,Div. ZUID-BALI,Karangasem,"BORNEO, CELEBES, THE LESSER SUNDA ISLANDS AND THE MOLUCCAS",,,,Rsdcy. BALI EN LOMBOK,,Div. ZUID-BALI,Karangasem,93345,96835,190180,1,1,2,333,244,577,71,58,129,93750,97138,190888
BALI EN LOMBOK,6,Kloengkoeng,"BORNEO, CELEBES, THE LESSER SUNDA ISLANDS AND THE MOLUCCAS",Rsdcy. BALI EN LOMBOK,Div. ZUID-BALI,Kloengkoeng,"BORNEO, CELEBES, THE LESSER SUNDA ISLANDS AND THE MOLUCCAS",,,,Rsdcy. BALI EN LOMBOK,,Div. ZUID-BALI,Kloengkoeng,77143,80060,157203,9,7,16,388,314,702,59,46,105,77599,80427,158026
BALI EN LOMBOK,5,Gianjar,"BORNEO, CELEBES, THE LESSER SUNDA ISLANDS AND THE MOLUCCAS",Rsdcy. BALI EN LOMBOK,Div. ZUID-BALI,Gianjar,"BORNEO, CELEBES, THE LESSER SUNDA ISLANDS AND THE MOLUCCAS",,,,Rsdcy. BALI EN LOMBOK,,Div. ZUID-BALI,Gianjar,81208,82355,163563,6,3,9,403,435,838,11,1,12,81628,82794,164422
AMBOINA,10,Babar-eilanden,"BORNEO, CELEBES, THE LESSER SUNDA ISLANDS AND THE MOLUCCAS",Rsdcy. DER MOLUKKEN,Div. AMBOINA,Babar-eilanden,"BORNEO, CELEBES, THE LESSER SUNDA ISLANDS AND THE MOLUCCAS",,,,Rsdcy. DER MOLUKKEN,,Div. AMBOINA,Babar-eil,5510,6082,11592,2,1,3,47,35,82,15,20,35,5574,6138,11712
AMBOINA,2,Amboina,"BORNEO, CELEBES, THE LESSER SUNDA ISLANDS AND THE MOLUCCAS",Rsdcy. DER MOLUKKEN,Div. AMBOINA,Amboina,"BORNEO, CELEBES, THE LESSER SUNDA ISLANDS AND THE MOLUCCAS",,,,Rsdcy. DER MOLUKKEN,,Div. AMBOINA,Amboina,31622,30895,62517,988,1137,2125,772,469,1241,426,512,938,33808,33013,66821
AMBOINA,7,Oost-Seran,"BORNEO, CELEBES, THE LESSER SUNDA ISLANDS AND THE MOLUCCAS",Rsdcy. DER MOLUKKEN,Div. AMBOINA,Oost-Seran,"BORNEO, CELEBES, THE LESSER SUNDA ISLANDS AND THE MOLUCCAS",,,,Rsdcy. DER MOLUKKEN,,Div. AMBOINA,Oost-Seran,19463,18117,37580,19,21,40,223,123,346,196,213,409,19901,18474,38375
AMBOINA,4,West-Seran,"BORNEO, CELEBES, THE LESSER SUNDA ISLANDS AND THE MOLUCCAS",Rsdcy. DER MOLUKKEN,Div. AMBOINA,West-Seran,"BORNEO, CELEBES, THE LESSER SUNDA ISLANDS AND THE MOLUCCAS",,,,Rsdcy. DER MOLUKKEN,,Div. AMBOINA,West-Seran,16600,14842,31442,54,42,96,183,110,293,87,101,188,16924,15095,32019
AMBOINA,12,Larat,"BORNEO, CELEBES, THE LESSER SUNDA ISLANDS AND THE MOLUCCAS",Rsdcy. DER MOLUKKEN,Div. AMBOINA,Larat,"BORNEO, CELEBES, THE LESSER SUNDA ISLANDS AND THE MOLUCCAS",,,,Rsdcy. DER MOLUKKEN,,Div. AMBOINA,Larat,7672,7281,14953,16,8,24,69,31,100,3,3,6,7760,7323,15083
AMBOINA,9,Kisar,"BORNEO, CELEBES, THE LESSER SUNDA ISLANDS AND THE MOLUCCAS",Rsdcy. DER MOLUKKEN,Div. AMBOINA,Kisar,"BORNEO, CELEBES, THE LESSER SUNDA ISLANDS AND THE MOLUCCAS",,,,Rsdcy. DER MOLUKKEN,,Div. AMBOINA,Kisar,14027,15045,29072,8,11,19,84,62,146,0,0,0,14119,15118,29237
AMBOINA,3,Saparoea,"BORNEO, CELEBES, THE LESSER SUNDA ISLANDS AND THE MOLUCCAS",Rsdcy. DER MOLUKKEN,Div. AMBOINA,Saparoea,"BORNEO, CELEBES, THE LESSER SUNDA ISLANDS AND THE MOLUCCAS",,,,Rsdcy. DER MOLUKKEN,,Div. AMBOINA,Saparoea,19004,20742,39746,124,166,290,156,79,235,62,62,124,19346,21049,40395
AMBOINA,13,Kai-eilanden,"BORNEO, CELEBES, THE LESSER SUNDA ISLANDS AND THE MOLUCCAS",Rsdcy. DER MOLUKKEN,Div. AMBOINA,Kai-eilanden,"BORNEO, CELEBES, THE LESSER SUNDA ISLANDS AND THE MOLUCCAS",,,,Rsdcy. DER MOLUKKEN,,Div. AMBOINA,Kai-eil.,25590,24422,50012,42,28,70,167,114,281,149,136,285,25948,24700,50648
AMBOINA,5,Amahai,"BORNEO, CELEBES, THE LESSER SUNDA ISLANDS AND THE MOLUCCAS",Rsdcy. DER MOLUKKEN,Div. AMBOINA,Amahai,"BORNEO, CELEBES, THE LESSER SUNDA ISLANDS AND THE MOLUCCAS",,,,Rsdcy. DER MOLUKKEN,,Div. AMBOINA,Amahai,8373,7495,15868,29,13,42,148,75,223,26,40,66,8576,7623,16199
AMBOINA,6,Wahai,"BORNEO, CELEBES, THE LESSER SUNDA ISLANDS AND THE MOLUCCAS",Rsdcy. DER MOLUKKEN,Div. AMBOINA,Wahai,"BORNEO, CELEBES, THE LESSER SUNDA ISLANDS AND THE MOLUCCAS",,,,Rsdcy. DER MOLUKKEN,,Div. AMBOINA,Wahai,6980,6211,13191,13,9,22,61,46,107,52,64,116,7106,6330,13436
AMBOINA,14,Aroe-eilanden,"BORNEO, CELEBES, THE LESSER SUNDA ISLANDS AND THE MOLUCCAS",Rsdcy. DER MOLUKKEN,Div. AMBOINA,Aroe-eilanden,"BORNEO, CELEBES, THE LESSER SUNDA ISLANDS AND THE MOLUCCAS",,,,Rsdcy. DER MOLUKKEN,,Div. AMBOINA,Aroe-eil.,8964,8345,17309,134,37,171,346,272,618,40,38,78,9484,8692,18176
AMBOINA,1,Boeroe,"BORNEO, CELEBES, THE LESSER SUNDA ISLANDS AND THE MOLUCCAS",Rsdcy. DER MOLUKKEN,Div. AMBOINA,Boeroe,"BORNEO, CELEBES, THE LESSER SUNDA ISLANDS AND THE MOLUCCAS",,,,Rsdcy. DER MOLUKKEN,,Div. AMBOINA,Boeroe,10496,8387,18883,26,25,51,253,195,448,119,124,243,10894,8731,19625
AMBOINA,16,Zuid-Nieuw-Guinee,"BORNEO, CELEBES, THE LESSER SUNDA ISLANDS AND THE MOLUCCAS",Rsdcy. DER MOLUKKEN,Div. AMBOINA,Zuid-Nieuw-Guinee,"BORNEO, CELEBES, THE LESSER SUNDA ISLANDS AND THE MOLUCCAS",,,,Rsdcy. DER MOLUKKEN,,Div. AMBOINA,Zuid-Nw.-Guinee,8085,7382,15817,41,34,75,266,154,420,17,17,34,8409,7587,15996
AMBOINA,11,Saumlakki,"BORNEO, CELEBES, THE LESSER SUNDA ISLANDS AND THE MOLUCCAS",Rsdcy. DER MOLUKKEN,Div. AMBOINA,Saumlakki,"BORNEO, CELEBES, THE LESSER SUNDA ISLANDS AND THE MOLUCCAS",,,,Rsdcy. DER MOLUKKEN,,Div. AMBOINA,Saumlakki,8276,8350,16626,15,11,26,55,57,112,0,0,0,8346,8418,16764
AMBOINA,15,Boven-Digoel,"BORNEO, CELEBES, THE LESSER SUNDA ISLANDS AND THE MOLUCCAS",Rsdcy. DER MOLUKKEN,Div. AMBOINA,Boven-Digoel,"BORNEO, CELEBES, THE LESSER SUNDA ISLANDS AND THE MOLUCCAS",,,,Rsdcy. DER MOLUKKEN,,Div. AMBOINA,Boven-Digoel,1829,857,2686,29,22,51,24,6,30,2,1,3,1884,886,2770
AMBOINA,8,Banda,"BORNEO, CELEBES, THE LESSER SUNDA ISLANDS AND THE MOLUCCAS",Rsdcy. DER MOLUKKEN,Div. AMBOINA,Banda,"BORNEO, CELEBES, THE LESSER SUNDA ISLANDS AND THE MOLUCCAS",,,,Rsdcy. DER MOLUKKEN,,Div. AMBOINA,Banda,6412,5619,12031,232,310,542,85,61,146,153,164,317,6882,6154,13036
TERNATE,3,Djailolo,"BORNEO, CELEBES, THE LESSER SUNDA ISLANDS AND THE MOLUCCAS",Rsdcy. DER MOLUKKEN,Div. TERNATE,Djailolo,"BORNEO, CELEBES, THE LESSER SUNDA ISLANDS AND THE MOLUCCAS",,,,Rsdcy. DER MOLUKKEN,,Div. TERNATE,Djailolo,16309,15367,31676,14,8,22,176,92,268,20,23,43,16519,15490,32009
TERNATE,2,Tobelo,"BORNEO, CELEBES, THE LESSER SUNDA ISLANDS AND THE MOLUCCAS",Rsdcy. DER MOLUKKEN,Div. TERNATE,Tobelo,"BORNEO, CELEBES, THE LESSER SUNDA ISLANDS AND THE MOLUCCAS",,,,Rsdcy. DER MOLUKKEN,,Div. TERNATE,Tobelo,17341,16110,33451,43,39,82,287,175,462,24,18,42,17695,16342,34037
TERNATE,9,West-Nieuw-Guinee,"BORNEO, CELEBES, THE LESSER SUNDA ISLANDS AND THE MOLUCCAS",Rsdcy. DER MOLUKKEN,Div. TERNATE,West-Nieuw-Guinee,"BORNEO, CELEBES, THE LESSER SUNDA ISLANDS AND THE MOLUCCAS",,,,Rsdcy. DER MOLUKKEN,,Div. TERNATE,West-Nw.-Guinee,23171,20608,43779,19,11,30,353,213,566,49,49,98,23592,20881,44473
TERNATE,7,Sorong,"BORNEO, CELEBES, THE LESSER SUNDA ISLANDS AND THE MOLUCCAS",Rsdcy. DER MOLUKKEN,Div. TERNATE,Sorong,"BORNEO, CELEBES, THE LESSER SUNDA ISLANDS AND THE MOLUCCAS",,,,Rsdcy. DER MOLUKKEN,,Div. TERNATE,Sorong,9954,8743,18697,14,11,25,107,87,194,17,19,36,10092,8860,18952
TERNATE,8,Manokwari,"BORNEO, CELEBES, THE LESSER SUNDA ISLANDS AND THE MOLUCCAS",Rsdcy. DER MOLUKKEN,Div. TERNATE,Manokwari,"BORNEO, CELEBES, THE LESSER SUNDA ISLANDS AND THE MOLUCCAS",,,,Rsdcy. DER MOLUKKEN,,Div. TERNATE,Manokwari,16117,15011,31128,40,26,66,106,50,156,0,2,2,16263,15089,31352
TERNATE,11,Jappen-groep,"BORNEO, CELEBES, THE LESSER SUNDA ISLANDS AND THE MOLUCCAS",Rsdcy. DER MOLUKKEN,Div. TERNATE,Jappen-groep,"BORNEO, CELEBES, THE LESSER SUNDA ISLANDS AND THE MOLUCCAS",,,,Rsdcy. DER MOLUKKEN,,Div. TERNATE,Jappen-groep,14412,14082,28494,5,3,8,111,71,182,0,0,0,14528,14156,28684
TERNATE,12,Hollandia,"BORNEO, CELEBES, THE LESSER SUNDA ISLANDS AND THE MOLUCCAS",Rsdcy. DER MOLUKKEN,Div. TERNATE,Hollandia,"BORNEO, CELEBES, THE LESSER SUNDA ISLANDS AND THE MOLUCCAS",,,,Rsdcy. DER MOLUKKEN,,Div. TERNATE,Hollandia,15795,14360,165155,28,29,57,64,33,97,8,6,14,15895,14428,30323
TERNATE,10,Schouten-eilanden,"BORNEO, CELEBES, THE LESSER SUNDA ISLANDS AND THE MOLUCCAS",Rsdcy. DER MOLUKKEN,Div. TERNATE,Schouten-eilanden,"BORNEO, CELEBES, THE LESSER SUNDA ISLANDS AND THE MOLUCCAS",,,,Rsdcy. DER MOLUKKEN,,Div. TERNATE,Schouten-eil.,13198,12194,25392,8,10,18,49,28,77,0,0,0,13255,12232,25487
TERNATE,1,Soela-eilanden,"BORNEO, CELEBES, THE LESSER SUNDA ISLANDS AND THE MOLUCCAS",Rsdcy. DER MOLUKKEN,Div. TERNATE,Soela-eilanden,"BORNEO, CELEBES, THE LESSER SUNDA ISLANDS AND THE MOLUCCAS",,,,Rsdcy. DER MOLUKKEN,,Div. TERNATE,Soela-eil.,10414,9503,19917,14,7,21,72,30,102,49,48,97,10549,9588,20137
TERNATE,5,Weda,"BORNEO, CELEBES, THE LESSER SUNDA ISLANDS AND THE MOLUCCAS",Rsdcy. DER MOLUKKEN,Div. TERNATE,Weda,"BORNEO, CELEBES, THE LESSER SUNDA ISLANDS AND THE MOLUCCAS",,,,Rsdcy. DER MOLUKKEN,,Div. TERNATE,Weda,8950,8452,17402,19,16,35,147,74,221,16,23,39,9132,8565,17697
TERNATE,4,Ternate,"BORNEO, CELEBES, THE LESSER SUNDA ISLANDS AND THE MOLUCCAS",Rsdcy. DER MOLUKKEN,Div. TERNATE,Ternate,"BORNEO, CELEBES, THE LESSER SUNDA ISLANDS AND THE MOLUCCAS",,,,Rsdcy. DER MOLUKKEN,,Div. TERNATE,Ternate,27147,27152,54299,220,222,442,633,577,1210,373,349,722,28373,28300,56673
TERNATE,6,Batjan,"BORNEO, CELEBES, THE LESSER SUNDA ISLANDS AND THE MOLUCCAS",Rsdcy. DER MOLUKKEN,Div. TERNATE,Batjan,"BORNEO, CELEBES, THE LESSER SUNDA ISLANDS AND THE MOLUCCAS",,,,Rsdcy. DER MOLUKKEN,,Div. TERNATE,Batjan,9386,8027,17413,26,21,47,231,132,363,58,53,111,9701,8233,17934
MANADO,6,Paloe,"BORNEO, CELEBES, THE LESSER SUNDA ISLANDS AND THE MOLUCCAS",Rsdcy. MANADO,Div. DONGGALA,Paloe,"BORNEO, CELEBES, THE LESSER SUNDA ISLANDS AND THE MOLUCCAS",,,,Rsdcy. MANADO,,Div. DONGGALA,Paloe,33362,35535,68897,37,30,67,261,172,433,129,84,213,33789,35821,69610
MANADO,7,Donggala,"BORNEO, CELEBES, THE LESSER SUNDA ISLANDS AND THE MOLUCCAS",Rsdcy. MANADO,Div. DONGGALA,Donggala,"BORNEO, CELEBES, THE LESSER SUNDA ISLANDS AND THE MOLUCCAS",,,,Rsdcy. MANADO,,Div. DONGGALA,Donggala,26660,26117,52777,27,27,54,476,222,698,264,262,526,27427,26628,54055
MANADO,8,Toli-Toli,"BORNEO, CELEBES, THE LESSER SUNDA ISLANDS AND THE MOLUCCAS",Rsdcy. MANADO,Div. DONGGALA,Toli-Toli,"BORNEO, CELEBES, THE LESSER SUNDA ISLANDS AND THE MOLUCCAS",,,,Rsdcy. MANADO,,Div. DONGGALA,Toli-Toli,12832,11498,24330,3,1,4,420,192,612,169,159,328,13424,11850,25274
MANADO,9,Boeol,"BORNEO, CELEBES, THE LESSER SUNDA ISLANDS AND THE MOLUCCAS",Rsdcy. MANADO,Div. DONGGALA,Boeol,"BORNEO, CELEBES, THE LESSER SUNDA ISLANDS AND THE MOLUCCAS",,,,Rsdcy. MANADO,,Div. DONGGALA,Boeol,11897,11157,23054,1,0,1,275,154,429,159,131,290,12332,11442,23774
MANADO,10,Boalemo,"BORNEO, CELEBES, THE LESSER SUNDA ISLANDS AND THE MOLUCCAS",Rsdcy. MANADO,Div. GORONTALO,Boalemo,"BORNEO, CELEBES, THE LESSER SUNDA ISLANDS AND THE MOLUCCAS",,,,Rsdcy. MANADO,,Div. GORONTALO,Boalemo,12701,11967,24668,8,3,11,93,55,148,34,16,50,12836,12041,24877
MANADO,11,Gorontalo,"BORNEO, CELEBES, THE LESSER SUNDA ISLANDS AND THE MOLUCCAS",Rsdcy. MANADO,Div. GORONTALO,Gorontalo,"BORNEO, CELEBES, THE LESSER SUNDA ISLANDS AND THE MOLUCCAS",,,,Rsdcy. MANADO,,Div. GORONTALO,Gorontalo,76250,82138,158388,131,146,277,758,632,1390,544,562,1106,77683,83478,161161
MANADO,12,Bolaäng-Mongondow,"BORNEO, CELEBES, THE LESSER SUNDA ISLANDS AND THE MOLUCCAS",Rsdcy. MANADO,Div. MANADO,Bolaäng-Mongondow,"BORNEO, CELEBES, THE LESSER SUNDA ISLANDS AND THE MOLUCCAS",,,,Rsdcy. MANADO,,Div. MANADO,Bolaäng-Mongondow,35755,34878,70633,70,54,124,501,358,859,215,158,373,36541,35448,71989
MANADO,13,Amoerang,"BORNEO, CELEBES, THE LESSER SUNDA ISLANDS AND THE MOLUCCAS",Rsdcy. MANADO,Div. MANADO,Amoerang,"BORNEO, CELEBES, THE LESSER SUNDA ISLANDS AND THE MOLUCCAS",,,,Rsdcy. MANADO,,Div. MANADO,Amoerang,58066,57187,115253,110,104,214,971,846,1817,63,54,117,59210,58191,117401
MANADO,15,Manado,"BORNEO, CELEBES, THE LESSER SUNDA ISLANDS AND THE MOLUCCAS",Rsdcy. MANADO,Div. MANADO,Manado,"BORNEO, CELEBES, THE LESSER SUNDA ISLANDS AND THE MOLUCCAS",,,,Rsdcy. MANADO,,Div. MANADO,Manado,37191,36287,73478,866,841,1707,3406,2756,6162,343,305,648,41806,40189,81995
MANADO,14,Tondano,"BORNEO, CELEBES, THE LESSER SUNDA ISLANDS AND THE MOLUCCAS",Rsdcy. MANADO,Div. MANADO,Tondano,"BORNEO, CELEBES, THE LESSER SUNDA ISLANDS AND THE MOLUCCAS",,,,Rsdcy. MANADO,,Div. MANADO,Tondano,53304,52536,105840,205,198,403,988,889,1877,121,127,248,54618,53750,108368
MANADO,5,Parigi,"BORNEO, CELEBES, THE LESSER SUNDA ISLANDS AND THE MOLUCCAS",Rsdcy. MANADO,Div. POSO,Parigi,"BORNEO, CELEBES, THE LESSER SUNDA ISLANDS AND THE MOLUCCAS",,,,Rsdcy. MANADO,,Div. POSO,Parigi,22056,20289,42345,8,8,16,201,130,331,164,147,311,22429,20574,43003
MANADO,4,Poso,"BORNEO, CELEBES, THE LESSER SUNDA ISLANDS AND THE MOLUCCAS",Rsdcy. MANADO,Div. POSO,Poso,"BORNEO, CELEBES, THE LESSER SUNDA ISLANDS AND THE MOLUCCAS",,,,Rsdcy. MANADO,,Div. POSO,Poso,32106,28246,60352,37,23,60,363,233,596,162,123,285,32668,28625,61293
MANADO,1,Banggai,"BORNEO, CELEBES, THE LESSER SUNDA ISLANDS AND THE MOLUCCAS",Rsdcy. MANADO,Div. POSO,Banggai,"BORNEO, CELEBES, THE LESSER SUNDA ISLANDS AND THE MOLUCCAS",,,,Rsdcy. MANADO,,Div. POSO,Banggai,25437,23765,49202,33,22,55,363,212,575,3,1,4,25836,24000,49836
MANADO,2,Loewoek,"BORNEO, CELEBES, THE LESSER SUNDA ISLANDS AND THE MOLUCCAS",Rsdcy. MANADO,Div. POSO,Loewoek,"BORNEO, CELEBES, THE LESSER SUNDA ISLANDS AND THE MOLUCCAS",,,,Rsdcy. MANADO,,Div. POSO,Loewoek,23343,20947,44290,22,15,37,564,371,935,211,206,417,24140,21539,45679
MANADO,3,Kolonodale,"BORNEO, CELEBES, THE LESSER SUNDA ISLANDS AND THE MOLUCCAS",Rsdcy. MANADO,Div. POSO,Kolonodale,"BORNEO, CELEBES, THE LESSER SUNDA ISLANDS AND THE MOLUCCAS",,,,Rsdcy. MANADO,,Div. POSO,Kolonodale,20921,20249,41170,13,10,23,202,144,346,38,34,72,21174,20437,41611
MANADO,16,Sangihe-eilanden,"BORNEO, CELEBES, THE LESSER SUNDA ISLANDS AND THE MOLUCCAS",Rsdcy. MANADO,Div. SANGIHEEN TALAUDEILANDEN,Sangihe-eilanden,"BORNEO, CELEBES, THE LESSER SUNDA ISLANDS AND THE MOLUCCAS",,,,Rsdcy. MANADO,,Div. SANGIHEEN TALAUDEILANDEN,Sangihe-eilanden,65933,66215,132148,32,30,62,1435,1162,2597,60,37,97,67460,67444,134904
MANADO,17,Talaud-eilanden,"BORNEO, CELEBES, THE LESSER SUNDA ISLANDS AND THE MOLUCCAS",Rsdcy. MANADO,Div. SANGIHEEN TALAUDEILANDEN,Talaud-eilanden,"BORNEO, CELEBES, THE LESSER SUNDA ISLANDS AND THE MOLUCCAS",,,,Rsdcy. MANADO,,Div. SANGIHEEN TALAUDEILANDEN,Talaud-eilanden,11271,12290,23561,20,11,31,126,91,217,13,3,16,11430,12395,23825
TIMOR EN ONDERHOORIGHEDEN,8,Maoemere,"BORNEO, CELEBES, THE LESSER SUNDA ISLANDS AND THE MOLUCCAS",Rsdcy. TIMOR EN ONDERH,Div. FLORES,Maoemere,"BORNEO, CELEBES, THE LESSER SUNDA ISLANDS AND THE MOLUCCAS",,,,Rsdcy. TIMOR EN ONDERH,,Div. FLORES,Maoemere,61317,61726,123043,19,16,35,159,88,247,2,0,2,61497,61830,123327
TIMOR EN ONDERHOORIGHEDEN,9,Oost-Flores en Solor-eilanden,"BORNEO, CELEBES, THE LESSER SUNDA ISLANDS AND THE MOLUCCAS",Rsdcy. TIMOR EN ONDERH,Div. FLORES,Oost-Flores en Solor-eilanden,"BORNEO, CELEBES, THE LESSER SUNDA ISLANDS AND THE MOLUCCAS",,,,Rsdcy. TIMOR EN ONDERH,,Div. FLORES,Oost-Flores en Solor-eil,64530,66972,131502,48,38,86,142,92,234,8,3,11,64728,67105,131833
TIMOR EN ONDERHOORIGHEDEN,5,Manggarai,"BORNEO, CELEBES, THE LESSER SUNDA ISLANDS AND THE MOLUCCAS",Rsdcy. TIMOR EN ONDERH,Div. FLORES,Manggarai,"BORNEO, CELEBES, THE LESSER SUNDA ISLANDS AND THE MOLUCCAS",,,,Rsdcy. TIMOR EN ONDERH,,Div. FLORES,Manggarai,76932,77913,154845,31,13,44,203,111,314,15,19,34,77181,78056,155237
TIMOR EN ONDERHOORIGHEDEN,10,Alor,"BORNEO, CELEBES, THE LESSER SUNDA ISLANDS AND THE MOLUCCAS",Rsdcy. TIMOR EN ONDERH,Div. FLORES,Alor,"BORNEO, CELEBES, THE LESSER SUNDA ISLANDS AND THE MOLUCCAS",,,,Rsdcy. TIMOR EN ONDERH,,Div. FLORES,Alor,44864,45500,90364,14,9,23,132,70,202,16,11,27,45026,45590,90616
TIMOR EN ONDERHOORIGHEDEN,6,Ngada,"BORNEO, CELEBES, THE LESSER SUNDA ISLANDS AND THE MOLUCCAS",Rsdcy. TIMOR EN ONDERH,Div. FLORES,Ngada,"BORNEO, CELEBES, THE LESSER SUNDA ISLANDS AND THE MOLUCCAS",,,,Rsdcy. TIMOR EN ONDERH,,Div. FLORES,Ngada,48630,51414,100044,23,10,33,79,66,145,15,12,27,48747,51502,100249
TIMOR EN ONDERHOORIGHEDEN,7,Endeh,"BORNEO, CELEBES, THE LESSER SUNDA ISLANDS AND THE MOLUCCAS",Rsdcy. TIMOR EN ONDERH,Div. FLORES,Endeh,"BORNEO, CELEBES, THE LESSER SUNDA ISLANDS AND THE MOLUCCAS",,,,Rsdcy. TIMOR EN ONDERH,,Div. FLORES,Endeh,56866,58580,115446,64,31,95,234,179,413,48,36,84,57212,58826,116038
TIMOR EN ONDERHOORIGHEDEN,4,Oost-Soemba,"BORNEO, CELEBES, THE LESSER SUNDA ISLANDS AND THE MOLUCCAS",Rsdcy. TIMOR EN ONDERH,Div. SOEMBA,Oost-Soemba,"BORNEO, CELEBES, THE LESSER SUNDA ISLANDS AND THE MOLUCCAS",,,,Rsdcy. TIMOR EN ONDERH,,Div. SOEMBA,Oost-Soemba,37832,35884,73716,34,23,57,168,89,257,123,105,228,38157,36101,74258
TIMOR EN ONDERHOORIGHEDEN,3,West-Soemba,"BORNEO, CELEBES, THE LESSER SUNDA ISLANDS AND THE MOLUCCAS",Rsdcy. TIMOR EN ONDERH,Div. SOEMBA,West-Soemba,"BORNEO, CELEBES, THE LESSER SUNDA ISLANDS AND THE MOLUCCAS",,,,Rsdcy. TIMOR EN ONDERH,,Div. SOEMBA,West-Soemba,54902,52975,107877,16,16,32,57,34,91,30,38,68,55005,53063,108068
TIMOR EN ONDERHOORIGHEDEN,2,Bima,"BORNEO, CELEBES, THE LESSER SUNDA ISLANDS AND THE MOLUCCAS",Rsdcy. TIMOR EN ONDERH,Div. SOEMBAWA,Bima,"BORNEO, CELEBES, THE LESSER SUNDA ISLANDS AND THE MOLUCCAS",,,,Rsdcy. TIMOR EN ONDERH,,Div. SOEMBAWA,Bima,100499,97455,197954,26,10,36,429,276,705,474,492,966,101428,98233,199661
TIMOR EN ONDERHOORIGHEDEN,1,Soembawa,"BORNEO, CELEBES, THE LESSER SUNDA ISLANDS AND THE MOLUCCAS",Rsdcy. TIMOR EN ONDERH,Div. SOEMBAWA,Soembawa,"BORNEO, CELEBES, THE LESSER SUNDA ISLANDS AND THE MOLUCCAS",,,,Rsdcy. TIMOR EN ONDERH,,Div. SOEMBAWA,Soembawa,56717,56616,113333,25,20,45,360,245,605,621,578,1199,57723,57459,115182
TIMOR EN ONDERHOORIGHEDEN,12,Koepang,"BORNEO, CELEBES, THE LESSER SUNDA ISLANDS AND THE MOLUCCAS",Rsdcy. TIMOR EN ONDERH,Div. TIMOR EN EILANDEN,Koepang,"BORNEO, CELEBES, THE LESSER SUNDA ISLANDS AND THE MOLUCCAS",,,,Rsdcy. TIMOR EN ONDERH,,Div. TIMOR EN EILANDEN,Koepang,42027,39466,81493,169,190,359,679,717,1396,133,132,265,43008,40505,83513
TIMOR EN ONDERHOORIGHEDEN,11,Roti en Savoe,"BORNEO, CELEBES, THE LESSER SUNDA ISLANDS AND THE MOLUCCAS",Rsdcy. TIMOR EN ONDERH,Div. TIMOR EN EILANDEN,Roti en Savoe,"BORNEO, CELEBES, THE LESSER SUNDA ISLANDS AND THE MOLUCCAS",,,,Rsdcy. TIMOR EN ONDERH,,Div. TIMOR EN EILANDEN,Roti en Savoe,45359,47249,92608,3,2,5,95,102,197,13,20,33,45470,47373,92843
TIMOR EN ONDERHOORIGHEDEN,15,Beloe,"BORNEO, CELEBES, THE LESSER SUNDA ISLANDS AND THE MOLUCCAS",Rsdcy. TIMOR EN ONDERH,Div. TIMOR EN EILANDEN,Beloe,"BORNEO, CELEBES, THE LESSER SUNDA ISLANDS AND THE MOLUCCAS",,,,Rsdcy. TIMOR EN ONDERH,,Div. TIMOR EN EILANDEN,Beloe,46790,46352,93142,42,29,71,443,450,893,246,234,480,47521,47065,94586
TIMOR EN ONDERHOORIGHEDEN,14,Noord-Midden-Timor,"BORNEO, CELEBES, THE LESSER SUNDA ISLANDS AND THE MOLUCCAS",Rsdcy. TIMOR EN ONDERH,Div. TIMOR EN EILANDEN,Noord-Midden-Timor,"BORNEO, CELEBES, THE LESSER SUNDA ISLANDS AND THE MOLUCCAS",,,,Rsdcy. TIMOR EN ONDERH,,Div. TIMOR EN EILANDEN,Noord-Midden-Timor,30104,28560,58664,18,12,30,302,295,597,0,0,0,30424,28867,59291
TIMOR EN ONDERHOORIGHEDEN,13,Zuid-Midden-Timor,"BORNEO, CELEBES, THE LESSER SUNDA ISLANDS AND THE MOLUCCAS",Rsdcy. TIMOR EN ONDERH,Div. TIMOR EN EILANDEN,Zuid-Midden-Timor,"BORNEO, CELEBES, THE LESSER SUNDA ISLANDS AND THE MOLUCCAS",,,,Rsdcy. TIMOR EN ONDERH,,Div. TIMOR EN EILANDEN,Zuid-Midden-Timor,57582,54488,112070,16,12,28,301,270,571,2,3,5,57901,54773,112674
WESTERAFD. VAN BORNEO,9,Soekadana (in WESTERAFD. VAN BORNEO),"BORNEO, CELEBES, THE LESSER SUNDA ISLANDS AND THE MOLUCCAS",Rsdcy. WEST AFD V BORNEO,Div. KETAPANG,Soekadana (in WESTERAFD. VAN BORNEO),"BORNEO, CELEBES, THE LESSER SUNDA ISLANDS AND THE MOLUCCAS",,,,Rsdcy. WEST AFD V BORNEO,,Div. KETAPANG,Soekadana,10987,10314,21301,10,4,14,644,436,1080,61,50,111,11702,10804,22506
WESTERAFD. VAN BORNEO,10,Beneden Matan,"BORNEO, CELEBES, THE LESSER SUNDA ISLANDS AND THE MOLUCCAS",Rsdcy. WEST AFD V BORNEO,Div. KETAPANG,Beneden Matan,"BORNEO, CELEBES, THE LESSER SUNDA ISLANDS AND THE MOLUCCAS",,,,Rsdcy. WEST AFD V BORNEO,,Div. KETAPANG,Beneden Matan,10417,10464,20881,3,2,5,441,297,738,105,88,193,10966,10851,21817
WESTERAFD. VAN BORNEO,11,Boven Matan,"BORNEO, CELEBES, THE LESSER SUNDA ISLANDS AND THE MOLUCCAS",Rsdcy. WEST AFD V BORNEO,Div. KETAPANG,Boven Matan,"BORNEO, CELEBES, THE LESSER SUNDA ISLANDS AND THE MOLUCCAS",,,,Rsdcy. WEST AFD V BORNEO,,Div. KETAPANG,Boven Matan,19255,18434,37689,6,3,9,243,132,375,0,0,0,19504,18569,38073
WESTERAFD. VAN BORNEO,8,Sekadau,"BORNEO, CELEBES, THE LESSER SUNDA ISLANDS AND THE MOLUCCAS",Rsdcy. WEST AFD V BORNEO,Div. PONTIANAK,Sekadau,"BORNEO, CELEBES, THE LESSER SUNDA ISLANDS AND THE MOLUCCAS",,,,Rsdcy. WEST AFD V BORNEO,,Div. PONTIANAK,Sekadau,17110,16861,33971,11,9,20,988,804,1792,6,5,11,18115,17679,35794
WESTERAFD. VAN BORNEO,5,Pontianak,"BORNEO, CELEBES, THE LESSER SUNDA ISLANDS AND THE MOLUCCAS",Rsdcy. WEST AFD V BORNEO,Div. PONTIANAK,Pontianak,"BORNEO, CELEBES, THE LESSER SUNDA ISLANDS AND THE MOLUCCAS",,,,Rsdcy. WEST AFD V BORNEO,,Div. PONTIANAK,Pontianak,50498,47710,98208,312,244,556,15935,10128,26063,1263,1170,2433,68008,59252,127260
WESTERAFD. VAN BORNEO,7,Sanggau,"BORNEO, CELEBES, THE LESSER SUNDA ISLANDS AND THE MOLUCCAS",Rsdcy. WEST AFD V BORNEO,Div. PONTIANAK,Sanggau,"BORNEO, CELEBES, THE LESSER SUNDA ISLANDS AND THE MOLUCCAS",,,,Rsdcy. WEST AFD V BORNEO,,Div. PONTIANAK,Sanggau,39221,38407,77628,17,14,31,1873,1469,3342,9,4,13,41120,39894,81014
WESTERAFD. VAN BORNEO,6,Landak,"BORNEO, CELEBES, THE LESSER SUNDA ISLANDS AND THE MOLUCCAS",Rsdcy. WEST AFD V BORNEO,Div. PONTIANAK,Landak,"BORNEO, CELEBES, THE LESSER SUNDA ISLANDS AND THE MOLUCCAS",,,,Rsdcy. WEST AFD V BORNEO,,Div. PONTIANAK,Landak,31094,31138,62232,26,20,46,1619,1380,2999,2,1,3,32741,32539,65280
WESTERAFD. VAN BORNEO,1,Sambas,"BORNEO, CELEBES, THE LESSER SUNDA ISLANDS AND THE MOLUCCAS",Rsdcy. WEST AFD V BORNEO,Div. SINGKAWANG,Sambas,"BORNEO, CELEBES, THE LESSER SUNDA ISLANDS AND THE MOLUCCAS",,,,Rsdcy. WEST AFD V BORNEO,,Div. SINGKAWANG,Sambas,32042,31892,63934,33,34,67,2621,1642,4263,119,121,240,34815,33689,68504
WESTERAFD. VAN BORNEO,2,Singkawang,"BORNEO, CELEBES, THE LESSER SUNDA ISLANDS AND THE MOLUCCAS",Rsdcy. WEST AFD V BORNEO,Div. SINGKAWANG,Singkawang,"BORNEO, CELEBES, THE LESSER SUNDA ISLANDS AND THE MOLUCCAS",,,,Rsdcy. WEST AFD V BORNEO,,Div. SINGKAWANG,Singkawang,31119,30368,61487,99,98,197,21451,16621,38072,179,172,351,52848,47259,100107
WESTERAFD. VAN BORNEO,4,Mempawah,"BORNEO, CELEBES, THE LESSER SUNDA ISLANDS AND THE MOLUCCAS",Rsdcy. WEST AFD V BORNEO,Div. SINGKAWANG,Mempawah,"BORNEO, CELEBES, THE LESSER SUNDA ISLANDS AND THE MOLUCCAS",,,,Rsdcy. WEST AFD V BORNEO,,Div. SINGKAWANG,Mempawah,22176,21917,44093,14,8,22,10380,8560,18940,163,146,309,32733,30631,63364
WESTERAFD. VAN BORNEO,3,Bengkajang,"BORNEO, CELEBES, THE LESSER SUNDA ISLANDS AND THE MOLUCCAS",Rsdcy. WEST AFD V BORNEO,Div. SINGKAWANG,Bengkajang,"BORNEO, CELEBES, THE LESSER SUNDA ISLANDS AND THE MOLUCCAS",,,,Rsdcy. WEST AFD V BORNEO,,Div. SINGKAWANG,Bengkajang,6332,6287,12619,8,7,15,3460,2616,6076,4,1,5,9804,8911,18715
WESTERAFD. VAN BORNEO,15,Boven Kapoeas,"BORNEO, CELEBES, THE LESSER SUNDA ISLANDS AND THE MOLUCCAS",Rsdcy. WEST AFD V BORNEO,Div. SINTANG,Boven Kapoeas,"BORNEO, CELEBES, THE LESSER SUNDA ISLANDS AND THE MOLUCCAS",,,,Rsdcy. WEST AFD V BORNEO,,Div. SINTANG,Boven Kapoeas,11193,11605,22798,9,0,9,334,298,632,14,9,23,11550,11912,23462
WESTERAFD. VAN BORNEO,12,Melawie,"BORNEO, CELEBES, THE LESSER SUNDA ISLANDS AND THE MOLUCCAS",Rsdcy. WEST AFD V BORNEO,Div. SINTANG,Melawie,"BORNEO, CELEBES, THE LESSER SUNDA ISLANDS AND THE MOLUCCAS",,,,Rsdcy. WEST AFD V BORNEO,,Div. SINTANG,Melawi,33010,32068,65078,7,4,11,911,805,1716,5,2,7,33933,32879,66812
WESTERAFD. VAN BORNEO,14,Semitau,"BORNEO, CELEBES, THE LESSER SUNDA ISLANDS AND THE MOLUCCAS",Rsdcy. WEST AFD V BORNEO,Div. SINTANG,Semitau,"BORNEO, CELEBES, THE LESSER SUNDA ISLANDS AND THE MOLUCCAS",,,,Rsdcy. WEST AFD V BORNEO,,Div. SINTANG,Semitau,13908,14434,28342,8,5,13,341,310,651,30,41,71,14287,14790,29077
WESTERAFD. VAN BORNEO,13,Sintang,"BORNEO, CELEBES, THE LESSER SUNDA ISLANDS AND THE MOLUCCAS",Rsdcy. WEST AFD V BORNEO,Div. SINTANG,Sintang,"BORNEO, CELEBES, THE LESSER SUNDA ISLANDS AND THE MOLUCCAS",,,,Rsdcy. WEST AFD V BORNEO,,Div. SINTANG,Sintang,20215,19109,39324,35,27,62,685,574,1259,14,3,17,20949,19713,40662
JAVA EN MADOERA,236,Adikarto,JAVA EN MADOERA,Jogjakarta,Adikarto,Adikarto,JAVA EN MADOERA,Jogjakarta,Adikarto,Adikarto,,,,,49183,51445,100628,70,54,124,257,220,477,0,0,0,49510,51719,101229
JAVA EN MADOERA,249,Pandak,JAVA EN MADOERA,Jogjakarta,Bantoel,Pandak,JAVA EN MADOERA,Jogjakarta,Bantoel,Pandak,,,,,45253,47532,92785,95,82,177,122,82,204,0,0,0,45470,47696,93166
JAVA EN MADOERA,245,Kottagede,JAVA EN MADOERA,Jogjakarta,Bantoel,Kottagede,JAVA EN MADOERA,Jogjakarta,Bantoel,Kottagede,,,,,43846,47166,91012,137,110,247,133,120,253,0,0,0,44116,47396,91512
JAVA EN MADOERA,244,Godejan,JAVA EN MADOERA,Jogjakarta,Bantoel,Godejan,JAVA EN MADOERA,Jogjakarta,Bantoel,Godejan,,,,,47912,50257,98169,109,102,211,219,155,374,7,9,16,48247,50523,98770
JAVA EN MADOERA,248,Bantoel,JAVA EN MADOERA,Jogjakarta,Bantoel,Bantoel,JAVA EN MADOERA,Jogjakarta,Bantoel,Bantoel,,,,,60244,63224,123468,143,93,236,259,234,493,1,1,2,60647,63552,124199
JAVA EN MADOERA,247,Imogiri,JAVA EN MADOERA,Jogjakarta,Bantoel,Imogiri,JAVA EN MADOERA,Jogjakarta,Bantoel,Imogiri,,,,,10782,10984,21766,0,0,0,33,34,67,0,0,0,10815,11018,21833
JAVA EN MADOERA,246,Kottagede Solo,JAVA EN MADOERA,Jogjakarta,Bantoel,Kottagede Solo,JAVA EN MADOERA,Jogjakarta,Bantoel,Kottagede solo,,,,,7583,7751,15334,0,0,0,1,3,4,0,0,0,7584,7754,15338
JAVA EN MADOERA,250,Kebonongan,JAVA EN MADOERA,Jogjakarta,Bantoel,Kebonongan,JAVA EN MADOERA,Jogjakarta,Bantoel,Kebonongan,,,,,27432,28721,56153,7,4,11,119,49,168,0,0,0,27558,28774,56332
JAVA EN MADOERA,253,Semanoe,JAVA EN MADOERA,Jogjakarta,Goenoengkidoel,Semanoe,JAVA EN MADOERA,Jogjakarta,Goenoengkidoel,Semanoe,,,,,57944,59837,117781,0,0,0,26,30,56,0,0,0,57970,59867,117837
JAVA EN MADOERA,252,Wonosari (in GOENOENGKIDOEL),JAVA EN MADOERA,Jogjakarta,Goenoengkidoel,Wonosari (in GOENOENGKIDOEL),JAVA EN MADOERA,Jogjakarta,Goenoengkidoel,Wonosari,,,,,54094,56293,110387,8,9,17,97,73,170,0,0,0,54199,56375,110574
JAVA EN MADOERA,251,Plajen,JAVA EN MADOERA,Jogjakarta,Goenoengkidoel,Plajen,JAVA EN MADOERA,Jogjakarta,Goenoengkidoel,Plajen,,,,,51612,53228,104840,1,0,1,23,13,36,0,0,0,51636,53241,104877
JAVA EN MADOERA,242,Kota Jogjakarta,JAVA EN MADOERA,Jogjakarta,Jogjakarta,Kota Jogjakarta,JAVA EN MADOERA,Jogjakarta,Jogjakarta,Kotta jogjakarta,,,,,56620,63300,119920,2599,2557,5156,4890,4108,8998,86,71,157,64195,70036,134231
JAVA EN MADOERA,239,Sleman,JAVA EN MADOERA,Jogjakarta,Jogjakarta,Sleman,JAVA EN MADOERA,Jogjakarta,Jogjakarta,Sleman,,,,,52067,55158,107225,146,128,274,279,165,444,2,2,4,52494,55453,107947
JAVA EN MADOERA,241,Mlati,JAVA EN MADOERA,Jogjakarta,Jogjakarta,Mlati,JAVA EN MADOERA,Jogjakarta,Jogjakarta,Mlati,,,,,33878,36322,70200,86,79,165,126,65,191,2,2,4,34092,36468,70560
JAVA EN MADOERA,240,Kalasan,JAVA EN MADOERA,Jogjakarta,Jogjakarta,Kalasan,JAVA EN MADOERA,Jogjakarta,Jogjakarta,Kalasan,,,,,52907,56145,109052,101,79,180,188,136,324,2,2,4,53198,56362,109560
JAVA EN MADOERA,238,Nanggoelan,JAVA EN MADOERA,Jogjakarta,Koelonprogo,Nanggoelan,JAVA EN MADOERA,Jogjakarta,Koelonprogo,Nanggoelan,,,,,41759,43512,85271,4,2,6,33,21,54,0,0,0,41796,43535,85331
JAVA EN MADOERA,237,Pengasih,JAVA EN MADOERA,Jogjakarta,Koelonprogo,Pengasih,JAVA EN MADOERA,Jogjakarta,Koelonprogo,Pengasih,,,,,51296,53530,104826,6,6,12,65,52,117,0,0,0,51367,53588,104955
JAVA EN MADOERA,130,Karangkobar,JAVA EN MADOERA,Midden-Java,Bandjarnegara,Karangkobar,JAVA EN MADOERA,Midden-Java,Bandjarnegara,Karangkobar,,,,,28775,28921,57696,0,0,0,198,213,411,0,0,0,28973,29134,58107
JAVA EN MADOERA,133,Batoer,JAVA EN MADOERA,Midden-Java,Bandjarnegara,Batoer,JAVA EN MADOERA,Midden-Java,Bandjarnegara,Batoer,,,,,23593,24258,47851,3,4,7,408,411,819,0,0,0,24004,24673,48677
JAVA EN MADOERA,132,Bandjarnegara,JAVA EN MADOERA,Midden-Java,Bandjarnegara,Bandjarnegara,JAVA EN MADOERA,Midden-Java,Bandjarnegara,Bandjarnegara,,,,,44317,45391,89708,35,23,58,407,360,767,13,7,20,44772,45781,90553
JAVA EN MADOERA,131,Wanadadi,JAVA EN MADOERA,Midden-Java,Bandjarnegara,Wanadadi,JAVA EN MADOERA,Midden-Java,Bandjarnegara,Wanadadi,,,,,42284,43914,86198,1,1,2,33,38,71,10,7,17,42328,43960,86288
JAVA EN MADOERA,121,Soempioeh,JAVA EN MADOERA,Midden-Java,Banjoemas,Soempioeh,JAVA EN MADOERA,Midden-Java,Banjoemas,Soempioeh,,,,,46687,49626,96313,42,36,78,342,276,618,15,20,35,47086,49958,97044
JAVA EN MADOERA,122,Banjoemas,JAVA EN MADOERA,Midden-Java,Banjoemas,Banjoemas,JAVA EN MADOERA,Midden-Java,Banjoemas,Banjoemas,,,,,33013,35264,68277,76,90,166,379,372,751,5,0,5,33473,35726,69199
JAVA EN MADOERA,123,Soekaradja,JAVA EN MADOERA,Midden-Java,Banjoemas,Soekaradja,JAVA EN MADOERA,Midden-Java,Banjoemas,Soekaradja,,,,,57666,62314,119980,40,31,71,529,502,1031,43,35,78,58278,62882,121160
JAVA EN MADOERA,120,Poerwaredja,JAVA EN MADOERA,Midden-Java,Banjoemas,Poerwaredja,JAVA EN MADOERA,Midden-Java,Banjoemas,Poerwaredja,,,,,52831,56485,109316,69,46,115,458,409,867,5,1,6,53363,56941,110304
JAVA EN MADOERA,161,Bawang,JAVA EN MADOERA,Midden-Java,Batang,Bawang,JAVA EN MADOERA,Midden-Java,Batang,Bawang,,,,,26090,25560,51650,6,3,9,101,66,167,4,1,5,26201,25630,51831
JAVA EN MADOERA,158,Batang,JAVA EN MADOERA,Midden-Java,Batang,Batang,JAVA EN MADOERA,Midden-Java,Batang,Batang,,,,,52233,53900,106133,76,54,130,833,891,1724,15,12,27,53157,54857,108014
JAVA EN MADOERA,159,Soebah,JAVA EN MADOERA,Midden-Java,Batang,Soebah,JAVA EN MADOERA,Midden-Java,Batang,Soebah,,,,,37426,38036,75462,54,30,84,251,208,459,10,5,15,37741,38279,76020
JAVA EN MADOERA,160,Bandar,JAVA EN MADOERA,Midden-Java,Batang,Bandar,JAVA EN MADOERA,Midden-Java,Batang,Bandar,,,,,30261,30311,60572,21,15,36,58,40,98,5,0,5,30345,30366,60711
JAVA EN MADOERA,234,Panolan,JAVA EN MADOERA,Midden-Java,Blora,Panolan,JAVA EN MADOERA,Midden-Java,Blora,Panolan,,,,,38224,40071,78295,474,364,838,867,773,1640,34,26,60,39599,41234,80833
JAVA EN MADOERA,232,Karangdjati,JAVA EN MADOERA,Midden-Java,Blora,Karangdjati,JAVA EN MADOERA,Midden-Java,Blora,Karangdjati,,,,,46937,50318,97255,132,126,258,884,916,1800,2,4,6,47955,51364,99319
JAVA EN MADOERA,231,Ngawen (in BLORA),JAVA EN MADOERA,Midden-Java,Blora,Ngawen (in BLORA),JAVA EN MADOERA,Midden-Java,Blora,Ngawen,,,,,55379,57090,112469,18,15,33,489,514,1003,0,0,0,55886,57619,113505
JAVA EN MADOERA,233,Djepon,JAVA EN MADOERA,Midden-Java,Blora,Djepon,JAVA EN MADOERA,Midden-Java,Blora,Djepon,,,,,32073,32909,64982,74,46,120,267,311,578,5,4,9,32419,33270,65689
JAVA EN MADOERA,235,Randoeblatoeng,JAVA EN MADOERA,Midden-Java,Blora,Randoeblatoeng,JAVA EN MADOERA,Midden-Java,Blora,Randoeblatoeng,,,,,39785,40755,80540,20,13,33,225,222,447,4,3,7,40034,40993,81027
JAVA EN MADOERA,138,Brebes,JAVA EN MADOERA,Midden-Java,Brebes,Brebes,JAVA EN MADOERA,Midden-Java,Brebes,Brebes,,,,,81226,87883,169109,81,68,149,656,658,1314,172,167,339,82135,88776,170911
JAVA EN MADOERA,136,Bandjarardja,JAVA EN MADOERA,Midden-Java,Brebes,Bandjarardja,JAVA EN MADOERA,Midden-Java,Brebes,Bandjarardja,,,,,71378,76265,147643,4,0,4,289,268,557,76,75,151,71747,76608,148355
JAVA EN MADOERA,135,Bantarkawoeng,JAVA EN MADOERA,Midden-Java,Brebes,Bantarkawoeng,JAVA EN MADOERA,Midden-Java,Brebes,Bantarkawoeng,,,,,28357,29302,57659,4,0,4,28,30,58,0,0,0,28389,29332,57721
JAVA EN MADOERA,137,Tandjoeng (in JAVA EN MADOERA),JAVA EN MADOERA,Midden-Java,Brebes,Tandjoeng (in JAVA EN MADOERA),JAVA EN MADOERA,Midden-Java,Brebes,Tandjoeng,,,,,67325,72877,140202,80,66,146,617,688,1305,36,33,69,68058,73664,141722
JAVA EN MADOERA,134,Boemiajoe,JAVA EN MADOERA,Midden-Java,Brebes,Boemiajoe,JAVA EN MADOERA,Midden-Java,Brebes,Boemiajoe,,,,,71162,76495,147657,16,12,28,562,552,1114,114,118,232,71854,77177,149031
JAVA EN MADOERA,203,Wedoeng,JAVA EN MADOERA,Midden-Java,Demak,Wedoeng,JAVA EN MADOERA,Midden-Java,Demak,Wedoeng,,,,,36789,39503,76292,3,6,9,71,78,149,1,1,2,36864,39588,76452
JAVA EN MADOERA,204,Samboeng,JAVA EN MADOERA,Midden-Java,Demak,Samboeng,JAVA EN MADOERA,Midden-Java,Demak,Samboeng,,,,,24191,24757,48948,1,1,2,80,54,134,0,0,0,24272,24812,49084
JAVA EN MADOERA,200,Mranggen,JAVA EN MADOERA,Midden-Java,Demak,Mranggen,JAVA EN MADOERA,Midden-Java,Demak,Mranggen,,,,,51565,51647,103212,9,9,18,176,166,342,13,8,21,51763,51830,103593
JAVA EN MADOERA,201,Grogol,JAVA EN MADOERA,Midden-Java,Demak,Grogol,JAVA EN MADOERA,Midden-Java,Demak,Grogol,,,,,36692,37139,73831,2,1,3,91,115,206,1,1,2,36786,37256,74042
JAVA EN MADOERA,202,Demak,JAVA EN MADOERA,Midden-Java,Demak,Demak,JAVA EN MADOERA,Midden-Java,Demak,Demak,,,,,39411,41342,80753,21,21,42,452,454,906,5,9,14,39889,41826,81715
JAVA EN MADOERA,208,Grobogan,JAVA EN MADOERA,Midden-Java,Grobogan,Grobogan,JAVA EN MADOERA,Midden-Java,Grobogan,Grobogan,,,,,30211,30186,60397,5,4,9,114,115,229,1,0,1,30331,30305,60636
JAVA EN MADOERA,205,Singenkidoel,JAVA EN MADOERA,Midden-Java,Grobogan,Singenkidoel,JAVA EN MADOERA,Midden-Java,Grobogan,Singenkidoel,,,,,30827,30699,61526,30,21,51,319,322,641,19,9,28,31195,31051,62246
JAVA EN MADOERA,206,Manggar,JAVA EN MADOERA,Midden-Java,Grobogan,Manggar,JAVA EN MADOERA,Midden-Java,Grobogan,Manggar,,,,,45943,46195,92138,15,4,19,391,359,750,1,3,4,46350,46561,92911
JAVA EN MADOERA,210,Kradenan,JAVA EN MADOERA,Midden-Java,Grobogan,Kradenan,JAVA EN MADOERA,Midden-Java,Grobogan,Kradenan,,,,,45001,46400,91401,12,8,20,275,271,546,0,0,0,45288,46679,91967
JAVA EN MADOERA,207,Poerwodadi (in GROBOGAN),JAVA EN MADOERA,Midden-Java,Grobogan,Poerwodadi (in GROBOGAN),JAVA EN MADOERA,Midden-Java,Grobogan,Poerwodadi,,,,,50612,50078,100690,79,62,141,776,836,1612,16,8,24,51483,50984,102467
JAVA EN MADOERA,209,Wirosari,JAVA EN MADOERA,Midden-Java,Grobogan,Wirosari,JAVA EN MADOERA,Midden-Java,Grobogan,Wirosari,,,,,39996,40574,80570,27,9,36,432,461,893,6,2,8,40461,41046,81507
JAVA EN MADOERA,217,Bangsri,JAVA EN MADOERA,Midden-Java,Japara,Bangsri,JAVA EN MADOERA,Midden-Java,Japara,Bangsri,,,,,57734,61146,118880,42,21,63,290,196,486,14,10,24,58080,61373,119453
JAVA EN MADOERA,216,Japara,JAVA EN MADOERA,Midden-Java,Japara,Japara,JAVA EN MADOERA,Midden-Java,Japara,Japara,,,,,41125,43552,84677,20,27,47,306,297,603,53,51,104,41504,43927,85431
JAVA EN MADOERA,215,Petjangakan,JAVA EN MADOERA,Midden-Java,Japara,Petjangakan,JAVA EN MADOERA,Midden-Java,Japara,Petjangakan,,,,,61746,67334,129080,78,48,126,699,767,1466,25,33,58,62548,68182,130730
JAVA EN MADOERA,218,Karimoendjawa,JAVA EN MADOERA,Midden-Java,Japara,Karimoendjawa,JAVA EN MADOERA,Midden-Java,Japara,Karimoendjawa,,,,,631,577,1208,0,0,0,15,8,23,0,0,0,646,585,1231
JAVA EN MADOERA,115,Rowokele,JAVA EN MADOERA,Midden-Java,Karanganjar,Rowokele,JAVA EN MADOERA,Midden-Java,Karanganjar,Rowokele,,,,,31080,32032,63112,1,1,2,46,40,86,0,0,0,31127,32073,63200
JAVA EN MADOERA,118,Pedjagoan,JAVA EN MADOERA,Midden-Java,Karanganjar,Pedjagoan,JAVA EN MADOERA,Midden-Java,Karanganjar,Pedjagoan,,,,,52204,56457,108661,3,3,6,52,54,106,1,8,9,52260,56522,108782
JAVA EN MADOERA,117,Poering,JAVA EN MADOERA,Midden-Java,Karanganjar,Poering,JAVA EN MADOERA,Midden-Java,Karanganjar,Poering,,,,,38569,40524,79093,1,1,2,28,28,56,0,2,2,38598,40555,79153
JAVA EN MADOERA,119,Karanganjar (in KARANGANJAR),JAVA EN MADOERA,Midden-Java,Karanganjar,Karanganjar (in KARANGANJAR),JAVA EN MADOERA,Midden-Java,Karanganjar,Karanganjar,,,,,33739,36019,69758,29,20,49,181,164,345,1,0,1,33950,36203,70153
JAVA EN MADOERA,116,Gombong,JAVA EN MADOERA,Midden-Java,Karanganjar,Gombong,JAVA EN MADOERA,Midden-Java,Karanganjar,Gombong,,,,,41032,43224,84256,187,171,358,624,495,1119,9,8,17,41852,43898,85750
JAVA EN MADOERA,167,Alihan,JAVA EN MADOERA,Midden-Java,Keboemen,Alihan,JAVA EN MADOERA,Midden-Java,Keboemen,Alihan,,,,,37553,39577,77130,1,1,2,15,14,29,1,1,2,37570,39593,77163
JAVA EN MADOERA,170,Premboen,JAVA EN MADOERA,Midden-Java,Keboemen,Premboen,JAVA EN MADOERA,Midden-Java,Keboemen,Premboen,,,,,42299,44121,86420,49,47,96,171,125,296,1,1,2,42520,44294,86814
JAVA EN MADOERA,168,Keboemen,JAVA EN MADOERA,Midden-Java,Keboemen,Keboemen,JAVA EN MADOERA,Midden-Java,Keboemen,Keboemen,,,,,41396,45668,87064,117,111,228,837,689,1526,26,12,38,42376,46480,88856
JAVA EN MADOERA,169,Koetawinangoen,JAVA EN MADOERA,Midden-Java,Keboemen,Koetawinangoen,JAVA EN MADOERA,Midden-Java,Keboemen,Koetawinangoen,,,,,38661,41365,80026,4,1,5,167,149,316,0,0,0,38832,41515,80347
JAVA EN MADOERA,192,Kendal,JAVA EN MADOERA,Midden-Java,Kendal,Kendal,JAVA EN MADOERA,Midden-Java,Kendal,Kendal,,,,,39873,43208,83081,55,46,101,292,211,503,59,63,122,40279,43528,83807
JAVA EN MADOERA,193,Kaliwoengoe,JAVA EN MADOERA,Midden-Java,Kendal,Kaliwoengoe,JAVA EN MADOERA,Midden-Java,Kendal,Kaliwoengoe,,,,,37514,38577,76091,113,79,192,237,213,450,39,50,89,37903,38919,76822
JAVA EN MADOERA,194,Bodja,JAVA EN MADOERA,Midden-Java,Kendal,Bodja,JAVA EN MADOERA,Midden-Java,Kendal,Bodja,,,,,36055,36074,72129,118,78,196,203,162,365,8,1,9,36384,36315,72699
JAVA EN MADOERA,190,Selokaton,JAVA EN MADOERA,Midden-Java,Kendal,Selokaton,JAVA EN MADOERA,Midden-Java,Kendal,Selokaton,,,,,32166,31867,64033,134,98,232,213,133,346,9,10,19,32522,32108,64630
JAVA EN MADOERA,191,Weleri,JAVA EN MADOERA,Midden-Java,Kendal,Weleri,JAVA EN MADOERA,Midden-Java,Kendal,Weleri,,,,,65495,69018,134513,186,182,368,508,419,927,31,24,55,66220,69643,135863
JAVA EN MADOERA,214,Tjendono,JAVA EN MADOERA,Midden-Java,Koedoes,Tjendono,JAVA EN MADOERA,Midden-Java,Koedoes,Tjendono,,,,,35480,37428,72908,37,37,74,42,24,66,0,1,1,35559,37490,73049
JAVA EN MADOERA,212,Koedoes,JAVA EN MADOERA,Midden-Java,Koedoes,Koedoes,JAVA EN MADOERA,Midden-Java,Koedoes,Koedoes,,,,,49555,54134,103689,227,207,434,2318,2323,4641,97,85,182,52197,56749,108946
JAVA EN MADOERA,213,Tenggeles,JAVA EN MADOERA,Midden-Java,Koedoes,Tenggeles,JAVA EN MADOERA,Midden-Java,Koedoes,Tenggeles,,,,,36198,39207,75405,46,33,79,64,70,134,0,2,2,36308,39312,75620
JAVA EN MADOERA,211,Oendakan,JAVA EN MADOERA,Midden-Java,Koedoes,Oendakan,JAVA EN MADOERA,Midden-Java,Koedoes,Oendakan,,,,,23630,24308,47938,1,0,1,23,17,40,0,0,0,23654,24325,47979
JAVA EN MADOERA,172,Kemiri,JAVA EN MADOERA,Midden-Java,Koetoardjo,Kemiri,JAVA EN MADOERA,Midden-Java,Koetoardjo,Kemiri,,,,,37212,38939,76151,4,2,6,38,37,75,2,3,5,37256,38981,76237
JAVA EN MADOERA,173,Koetoardjo,JAVA EN MADOERA,Midden-Java,Koetoardjo,Koetoardjo,JAVA EN MADOERA,Midden-Java,Koetoardjo,Koetoardjo,,,,,42055,45983,88038,60,41,101,779,620,1399,17,16,33,42911,46660,89571
JAVA EN MADOERA,171,Pitoeroeh,JAVA EN MADOERA,Midden-Java,Koetoardjo,Pitoeroeh,JAVA EN MADOERA,Midden-Java,Koetoardjo,Pitoeroeh,,,,,31528,33415,64943,3,1,4,24,30,54,0,2,2,31555,33448,65003
JAVA EN MADOERA,174,Poerwodadi (in KOETOARDJO),JAVA EN MADOERA,Midden-Java,Koetoardjo,Poerwodadi (in KOETOARDJO),JAVA EN MADOERA,Midden-Java,Koetoardjo,Poerwodadi,,,,,23675,24923,48598,57,46,103,173,93,266,1,0,1,23906,25062,48968
JAVA EN MADOERA,182,Grabag,JAVA EN MADOERA,Midden-Java,Magelang,Grabag,JAVA EN MADOERA,Midden-Java,Magelang,Grabag,,,,,34512,35189,69701,27,30,57,257,251,508,5,2,7,34801,35472,70273
JAVA EN MADOERA,183,Magelang,JAVA EN MADOERA,Midden-Java,Magelang,Magelang,JAVA EN MADOERA,Midden-Java,Magelang,Magelang,,,,,44197,47106,91303,2471,1779,4250,2770,2028,4798,106,93,199,49544,51006,100550
JAVA EN MADOERA,179,Salam,JAVA EN MADOERA,Midden-Java,Magelang,Salam,JAVA EN MADOERA,Midden-Java,Magelang,Salam,,,,,36283,39350,75633,14,7,21,82,90,172,0,0,0,36379,39447,75826
JAVA EN MADOERA,178,Salaman,JAVA EN MADOERA,Midden-Java,Magelang,Salaman,JAVA EN MADOERA,Midden-Java,Magelang,Salaman,,,,,52326,54264,106590,16,12,28,196,175,371,12,12,24,52550,54463,107013
JAVA EN MADOERA,181,Tegalredjo,JAVA EN MADOERA,Midden-Java,Magelang,Tegalredjo,JAVA EN MADOERA,Midden-Java,Magelang,Tegalredjo,,,,,34292,36087,70379,2,2,4,56,47,103,0,0,0,34350,36136,70486
JAVA EN MADOERA,184,Bandongan,JAVA EN MADOERA,Midden-Java,Magelang,Bandongan,JAVA EN MADOERA,Midden-Java,Magelang,Bandongan,,,,,34513,35500,70013,2,5,7,80,53,133,0,0,0,34595,35558,70153
JAVA EN MADOERA,180,Moentilan,JAVA EN MADOERA,Midden-Java,Magelang,Moentilan,JAVA EN MADOERA,Midden-Java,Magelang,Moentilan,,,,,62094,66974,129068,60,62,122,1173,1063,2236,25,25,50,63352,68124,131476
JAVA EN MADOERA,223,Djakenan,JAVA EN MADOERA,Midden-Java,Pati,Djakenan,JAVA EN MADOERA,Midden-Java,Pati,Djakenan,,,,,48875,51607,100482,1,0,1,33,41,74,1,0,1,48910,51648,100558
JAVA EN MADOERA,219,Tajoe,JAVA EN MADOERA,Midden-Java,Pati,Tajoe,JAVA EN MADOERA,Midden-Java,Pati,Tajoe,,,,,58509,58191,116700,45,43,88,517,486,1003,11,7,18,59082,58727,117809
JAVA EN MADOERA,220,Tlogowoengoe,JAVA EN MADOERA,Midden-Java,Pati,Tlogowoengoe,JAVA EN MADOERA,Midden-Java,Pati,Tlogowoengoe,,,,,36465,37667,74132,32,40,72,136,97,233,2,0,2,36635,37804,74439
JAVA EN MADOERA,224,Djoewana,JAVA EN MADOERA,Midden-Java,Pati,Djoewana,JAVA EN MADOERA,Midden-Java,Pati,Djoewana,,,,,28215,29713,57928,11,7,18,769,836,1605,10,6,16,29005,30562,59567
JAVA EN MADOERA,222,Kajen,JAVA EN MADOERA,Midden-Java,Pati,Kajen,JAVA EN MADOERA,Midden-Java,Pati,Kajen,,,,,31728,33774,65502,0,0,0,75,78,153,2,2,4,31805,33854,65659
JAVA EN MADOERA,221,Pati,JAVA EN MADOERA,Midden-Java,Pati,Pati,JAVA EN MADOERA,Midden-Java,Pati,Pati,,,,,44252,47188,91440,152,129,281,1212,1296,2508,44,56,100,45660,48669,94329
JAVA EN MADOERA,155,Kedoengwoeni,JAVA EN MADOERA,Midden-Java,Pekalongan,Kedoengwoeni,JAVA EN MADOERA,Midden-Java,Pekalongan,Kedoengwoeni,,,,,47987,51598,99585,56,42,98,623,560,1183,32,19,51,48698,52219,100917
JAVA EN MADOERA,154,Kadjen,JAVA EN MADOERA,Midden-Java,Pekalongan,Kadjen,JAVA EN MADOERA,Midden-Java,Pekalongan,Kadjen,,,,,35210,38354,73564,22,16,38,130,115,245,15,7,22,35377,38492,73869
JAVA EN MADOERA,152,Paninggaran,JAVA EN MADOERA,Midden-Java,Pekalongan,Paninggaran,JAVA EN MADOERA,Midden-Java,Pekalongan,Paninggaran,,,,,16811,16936,33747,1,0,1,4,4,8,0,0,0,16816,16940,33756
JAVA EN MADOERA,153,Doro,JAVA EN MADOERA,Midden-Java,Pekalongan,Doro,JAVA EN MADOERA,Midden-Java,Pekalongan,Doro,,,,,19704,19241,38945,8,4,12,11,10,21,0,0,0,19723,19255,38978
JAVA EN MADOERA,156,Wiradessa,JAVA EN MADOERA,Midden-Java,Pekalongan,Wiradessa,JAVA EN MADOERA,Midden-Java,Pekalongan,Wiradessa,,,,,44577,47157,91734,43,31,74,364,374,738,22,27,49,45006,47589,92595
JAVA EN MADOERA,157,Pekalongan,JAVA EN MADOERA,Midden-Java,Pekalongan,Pekalongan,JAVA EN MADOERA,Midden-Java,Pekalongan,Pekalongan,,,,,64749,67686,132435,476,460,936,3132,2800,5932,1320,1421,2741,69677,72367,142044
JAVA EN MADOERA,148,Tjomal,JAVA EN MADOERA,Midden-Java,Pemalang,Tjomal,JAVA EN MADOERA,Midden-Java,Pemalang,Tjomal,,,,,56080,61059,117139,76,83,159,481,453,934,126,81,207,56763,61676,118439
JAVA EN MADOERA,149,Randoedongkal,JAVA EN MADOERA,Midden-Java,Pemalang,Randoedongkal,JAVA EN MADOERA,Midden-Java,Pemalang,Randoedongkal,,,,,41296,43615,84911,7,7,14,146,132,278,59,37,96,41508,43791,85299
JAVA EN MADOERA,150,Banjoemoedal,JAVA EN MADOERA,Midden-Java,Pemalang,Banjoemoedal,JAVA EN MADOERA,Midden-Java,Pemalang,Banjoemoedal,,,,,39503,41661,81164,1,4,5,20,14,34,16,8,24,39540,41687,81227
JAVA EN MADOERA,147,Pemalang,JAVA EN MADOERA,Midden-Java,Pemalang,Pemalang,JAVA EN MADOERA,Midden-Java,Pemalang,Pemalang,,,,,90291,96458,186749,194,148,342,816,794,1610,220,195,415,91521,97595,189116
JAVA EN MADOERA,151,Watoekoempoel,JAVA EN MADOERA,Midden-Java,Pemalang,Watoekoempoel,JAVA EN MADOERA,Midden-Java,Pemalang,Watoekoempoel,,,,,24039,24759,48798,0,0,0,11,5,16,6,8,14,24056,24772,48828
JAVA EN MADOERA,124,Poerbalingga,JAVA EN MADOERA,Midden-Java,Poerbalingga,Poerbalingga,JAVA EN MADOERA,Midden-Java,Poerbalingga,Poerbalingga,,,,,86849,93061,179910,116,103,219,880,727,1607,19,7,26,87864,93898,181762
JAVA EN MADOERA,126,Bobotsari,JAVA EN MADOERA,Midden-Java,Poerbalingga,Bobotsari,JAVA EN MADOERA,Midden-Java,Poerbalingga,Bobotsari,,,,,53757,55902,109659,1,2,3,180,161,341,1,0,1,53939,56065,110004
JAVA EN MADOERA,125,Boekatedja,JAVA EN MADOERA,Midden-Java,Poerbalingga,Boekatedja,JAVA EN MADOERA,Midden-Java,Poerbalingga,Boekatedja,,,,,62062,64540,126602,2,1,3,133,142,275,0,0,0,62197,64683,126880
JAVA EN MADOERA,128,Djatilawang,JAVA EN MADOERA,Midden-Java,Poerwokerto,Djatilawang,JAVA EN MADOERA,Midden-Java,Poerwokerto,Djatilawang,,,,,60492,61872,122364,6,3,9,268,222,490,0,0,0,60766,62097,122863
JAVA EN MADOERA,129,Adjibarang,JAVA EN MADOERA,Midden-Java,Poerwokerto,Adjibarang,JAVA EN MADOERA,Midden-Java,Poerwokerto,Adjibarang,,,,,59001,61613,120614,10,6,16,395,368,763,2,1,3,59408,61988,121396
JAVA EN MADOERA,127,Poerwokerto,JAVA EN MADOERA,Midden-Java,Poerwokerto,Poerwokerto,JAVA EN MADOERA,Midden-Java,Poerwokerto,Poerwokerto,,,,,72988,75865,148853,457,410,867,1547,1220,2767,85,47,132,75077,77542,152619
JAVA EN MADOERA,176,Tjangkrep,JAVA EN MADOERA,Midden-Java,Poerworedjo,Tjangkrep,JAVA EN MADOERA,Midden-Java,Poerworedjo,Tjangkrep,,,,,34886,37637,72523,3,3,6,46,44,90,0,0,0,34935,37684,72619
JAVA EN MADOERA,177,Loano,JAVA EN MADOERA,Midden-Java,Poerworedjo,Loano,JAVA EN MADOERA,Midden-Java,Poerworedjo,Loano,,,,,45880,48482,94362,2,1,3,44,36,80,0,1,1,45926,48520,94446
JAVA EN MADOERA,175,Poerworedjo (in POERWOREDJO),JAVA EN MADOERA,Midden-Java,Poerworedjo,Poerworedjo (in POERWOREDJO),JAVA EN MADOERA,Midden-Java,Poerworedjo,Poerworedjo,,,,,52906,58505,111411,469,403,872,1021,862,1883,57,28,85,54453,59798,114251
JAVA EN MADOERA,230,Sedan,JAVA EN MADOERA,Midden-Java,Rembang,Sedan,JAVA EN MADOERA,Midden-Java,Rembang,Sedan,,,,,26828,28104,54932,11,10,21,15,14,29,4,11,15,26858,28139,54997
JAVA EN MADOERA,226,Pamotan,JAVA EN MADOERA,Midden-Java,Rembang,Pamotan,JAVA EN MADOERA,Midden-Java,Rembang,Pamotan,,,,,17724,18288,36012,0,0,0,81,94,175,1,0,1,17806,18382,36188
JAVA EN MADOERA,227,Waroe (in REMBANG),JAVA EN MADOERA,Midden-Java,Rembang,Waroe (in REMBANG),JAVA EN MADOERA,Midden-Java,Rembang,Waroe,,,,,23963,26156,50119,100,102,202,905,993,1898,10,9,19,24978,27260,52238
JAVA EN MADOERA,225,Soelang,JAVA EN MADOERA,Midden-Java,Rembang,Soelang,JAVA EN MADOERA,Midden-Java,Rembang,Soelang,,,,,24481,26214,50695,7,3,10,37,33,70,0,0,0,24525,26250,50775
JAVA EN MADOERA,228,Binangoen,JAVA EN MADOERA,Midden-Java,Rembang,Binangoen,JAVA EN MADOERA,Midden-Java,Rembang,Binangoen,,,,,25107,27575,52682,16,20,36,1921,2280,4201,4,6,10,27048,29881,56929
JAVA EN MADOERA,229,Kragan,JAVA EN MADOERA,Midden-Java,Rembang,Kragan,JAVA EN MADOERA,Midden-Java,Rembang,Kragan,,,,,19340,19424,38764,0,0,0,207,271,478,4,2,6,19551,19697,39248
JAVA EN MADOERA,198,Salatiga,JAVA EN MADOERA,Midden-Java,Semarang,Salatiga,JAVA EN MADOERA,Midden-Java,Semarang,Salatiga,,,,,71870,74585,146455,1131,1111,2242,1055,924,1979,67,50,117,74123,76670,150793
JAVA EN MADOERA,196,Oengaran,JAVA EN MADOERA,Midden-Java,Semarang,Oengaran,JAVA EN MADOERA,Midden-Java,Semarang,Oengaran,,,,,47771,47974,95745,281,290,571,354,380,734,13,15,28,48419,48659,97078
JAVA EN MADOERA,195,Semarang,JAVA EN MADOERA,Midden-Java,Semarang,Semarang,JAVA EN MADOERA,Midden-Java,Semarang,Semarang,,,,,86807,88650,175457,6363,6224,12587,14828,12595,27423,1209,1120,2329,109207,108589,217796
JAVA EN MADOERA,199,Tengaran (in SEMARANG),JAVA EN MADOERA,Midden-Java,Semarang,Tengaran (in SEMARANG),JAVA EN MADOERA,Midden-Java,Semarang,Tengaran,,,,,55699,56862,112561,21,17,38,48,37,85,7,12,19,55775,56928,112703
JAVA EN MADOERA,197,Ambarawa,JAVA EN MADOERA,Midden-Java,Semarang,Ambarawa,JAVA EN MADOERA,Midden-Java,Semarang,Ambarawa,,,,,59926,60272,120198,596,492,1088,778,653,1431,44,44,88,61344,61461,122805
JAVA EN MADOERA,141,Slawi,JAVA EN MADOERA,Midden-Java,Tegal,Slawi,JAVA EN MADOERA,Midden-Java,Tegal,Slawi,,,,,52092,57860,109952,114,110,224,762,783,1545,86,80,166,53054,58833,111887
JAVA EN MADOERA,142,Balapoelang,JAVA EN MADOERA,Midden-Java,Tegal,Balapoelang,JAVA EN MADOERA,Midden-Java,Tegal,Balapoelang,,,,,42658,46734,89392,70,50,120,359,313,672,196,201,397,43283,47298,90581
JAVA EN MADOERA,143,Boemidjawa,JAVA EN MADOERA,Midden-Java,Tegal,Boemidjawa,JAVA EN MADOERA,Midden-Java,Tegal,Boemidjawa,,,,,28485,31054,59539,11,10,21,47,46,93,8,5,13,28551,31115,59666
JAVA EN MADOERA,139,Tegal,JAVA EN MADOERA,Midden-Java,Tegal,Tegal,JAVA EN MADOERA,Midden-Java,Tegal,Tegal,,,,,48556,52232,100788,695,679,1374,1792,1641,3433,666,616,1282,51709,55168,106877
JAVA EN MADOERA,144,Djatinegara,JAVA EN MADOERA,Midden-Java,Tegal,Djatinegara,JAVA EN MADOERA,Midden-Java,Tegal,Djatinegara,,,,,16920,17493,34413,2,1,3,49,46,95,0,0,0,16971,17540,34511
JAVA EN MADOERA,146,Soerodadi,JAVA EN MADOERA,Midden-Java,Tegal,Soerodadi,JAVA EN MADOERA,Midden-Java,Tegal,Soerodadi,,,,,25881,27059,52940,10,3,13,84,65,149,2,2,4,25977,27129,53106
JAVA EN MADOERA,140,Adiwerna,JAVA EN MADOERA,Midden-Java,Tegal,Adiwerna,JAVA EN MADOERA,Midden-Java,Tegal,Adiwerna,,,,,72032,77926,149958,69,67,136,919,919,1838,20,14,34,73040,78926,151966
JAVA EN MADOERA,145,Pangkah,JAVA EN MADOERA,Midden-Java,Tegal,Pangkah,JAVA EN MADOERA,Midden-Java,Tegal,Pangkah,,,,,30171,31755,61926,53,56,109,46,48,94,8,9,17,30278,31868,62146
JAVA EN MADOERA,186,Pringsoerat,JAVA EN MADOERA,Midden-Java,Temanggoeng,Pringsoerat,JAVA EN MADOERA,Midden-Java,Temanggoeng,Pringsoerat,,,,,20034,20138,40172,12,11,23,166,155,321,1,3,4,20213,20307,40520
JAVA EN MADOERA,185,Temanggoeng,JAVA EN MADOERA,Midden-Java,Temanggoeng,Temanggoeng,JAVA EN MADOERA,Midden-Java,Temanggoeng,Temanggoeng,,,,,25209,25559,50768,95,100,195,911,812,1723,21,9,30,26236,26480,52716
JAVA EN MADOERA,187,Kaloran,JAVA EN MADOERA,Midden-Java,Temanggoeng,Kaloran,JAVA EN MADOERA,Midden-Java,Temanggoeng,Kaloran,,,,,21252,20698,41950,10,4,14,19,16,35,2,2,4,21283,20720,42003
JAVA EN MADOERA,188,Parakan,JAVA EN MADOERA,Midden-Java,Temanggoeng,Parakan,JAVA EN MADOERA,Midden-Java,Temanggoeng,Parakan,,,,,44207,43799,88006,36,27,63,1116,1093,2209,13,9,22,45372,44928,90300
JAVA EN MADOERA,189,Tjandiroto,JAVA EN MADOERA,Midden-Java,Temanggoeng,Tjandiroto,JAVA EN MADOERA,Midden-Java,Temanggoeng,Tjandiroto,,,,,27309,26336,53645,24,21,45,40,24,64,0,0,0,27373,26381,53754
JAVA EN MADOERA,113,Tjilatjap,JAVA EN MADOERA,Midden-Java,Tjilatjap,Tjilatjap,JAVA EN MADOERA,Midden-Java,Tjilatjap,Tjilatjap,,,,,73628,70882,144510,428,353,781,1190,966,2156,68,43,111,75314,72244,147558
JAVA EN MADOERA,114,Kroja,JAVA EN MADOERA,Midden-Java,Tjilatjap,Kroja,JAVA EN MADOERA,Midden-Java,Tjilatjap,Kroja,,,,,95437,100177,195614,44,34,78,507,447,954,7,7,14,95995,100665,196660
JAVA EN MADOERA,112,Sidaredja,JAVA EN MADOERA,Midden-Java,Tjilatjap,Sidaredja,JAVA EN MADOERA,Midden-Java,Tjilatjap,Sidaredja,,,,,62527,60993,123520,32,24,56,425,328,753,2,0,2,62986,61345,124331
JAVA EN MADOERA,111,Madjenang,JAVA EN MADOERA,Midden-Java,Tjilatjap,Madjenang,JAVA EN MADOERA,Midden-Java,Tjilatjap,Madjenang,,,,,50488,50981,101469,28,20,48,263,199,462,12,13,25,50791,51213,102004
JAVA EN MADOERA,163,Garoeng,JAVA EN MADOERA,Midden-Java,Wonosobo,Garoeng,JAVA EN MADOERA,Midden-Java,Wonosobo,Garoeng,,,,,33066,33589,66655,17,7,24,58,38,96,1,1,2,33142,33635,66777
JAVA EN MADOERA,165,Sapoeran,JAVA EN MADOERA,Midden-Java,Wonosobo,Sapoeran,JAVA EN MADOERA,Midden-Java,Wonosobo,Sapoeran,,,,,39496,39003,78499,10,6,16,54,34,88,4,2,6,39564,39045,78609
JAVA EN MADOERA,166,Ngadisono,JAVA EN MADOERA,Midden-Java,Wonosobo,Ngadisono,JAVA EN MADOERA,Midden-Java,Wonosobo,Ngadisono,,,,,31262,30890,62152,1,1,2,31,43,74,1,0,1,31295,30934,62229
JAVA EN MADOERA,162,Leksono,JAVA EN MADOERA,Midden-Java,Wonosobo,Leksono,JAVA EN MADOERA,Midden-Java,Wonosobo,Leksono,,,,,24281,24234,48515,0,0,0,8,6,14,2,1,3,24291,24241,48532
JAVA EN MADOERA,164,Wonosobo,JAVA EN MADOERA,Midden-Java,Wonosobo,Wonosobo,JAVA EN MADOERA,Midden-Java,Wonosobo,Wonosobo,,,,,35707,36323,72030,140,126,266,1163,904,2067,21,18,39,37031,37371,74402
JAVA EN MADOERA,367,Pandakan,JAVA EN MADOERA,Oost-Java,Bangil,Pandakan,JAVA EN MADOERA,Oost-Java,Bangil,Pandakan,,,,,36249,39128,75377,122,137,259,278,192,470,35,22,57,36684,39479,76163
JAVA EN MADOERA,368,Poerworedjo (in BANGIL),JAVA EN MADOERA,Oost-Java,Bangil,Poerworedjo (in BANGIL),JAVA EN MADOERA,Oost-Java,Bangil,Poerworedjo,,,,,35388,38850,74238,647,719,1366,601,382,983,62,48,110,36698,39999,76697
JAVA EN MADOERA,366,Bangil,JAVA EN MADOERA,Oost-Java,Bangil,Bangil,JAVA EN MADOERA,Oost-Java,Bangil,Bangil,,,,,40993,46603,87596,157,129,286,595,429,1024,604,681,1285,42349,47842,90191
JAVA EN MADOERA,365,Gempol,JAVA EN MADOERA,Oost-Java,Bangil,Gempol,JAVA EN MADOERA,Oost-Java,Bangil,Gempol,,,,,32110,35023,67133,34,26,60,431,325,756,108,58,166,32683,35432,68115
JAVA EN MADOERA,414,Blega,JAVA EN MADOERA,Oost-Java,Bangkalan,Blega,JAVA EN MADOERA,Oost-Java,Bangkalan,Blega,,,,,56797,65774,122571,9,5,14,42,42,84,14,16,30,56862,65837,122699
JAVA EN MADOERA,416,Sepoeloe,JAVA EN MADOERA,Oost-Java,Bangkalan,Sepoeloe,JAVA EN MADOERA,Oost-Java,Bangkalan,Sepoeloe,,,,,42105,48346,90451,0,0,0,97,141,238,0,0,0,42202,48487,90689
JAVA EN MADOERA,412,Bangkalan,JAVA EN MADOERA,Oost-Java,Bangkalan,Bangkalan,JAVA EN MADOERA,Oost-Java,Bangkalan,Bangkalan,,,,,45089,54297,99386,153,134,287,613,564,1177,108,125,233,45963,55120,101083
JAVA EN MADOERA,415,Arosbaja,JAVA EN MADOERA,Oost-Java,Bangkalan,Arosbaja,JAVA EN MADOERA,Oost-Java,Bangkalan,Arosbaja,,,,,42629,48041,90670,4,2,6,58,74,132,4,2,6,42695,48119,90814
JAVA EN MADOERA,413,Kwanjar [Kebanjar of Kabanjar],JAVA EN MADOERA,Oost-Java,Bangkalan,Kwanjar [Kebanjar of Kabanjar],JAVA EN MADOERA,Oost-Java,Bangkalan,Kwanjar,,,,,45882,53885,99767,3,2,5,59,51,110,15,10,25,45959,53948,99907
JAVA EN MADOERA,401,Genteng,JAVA EN MADOERA,Oost-Java,Banjoewangi,Genteng,JAVA EN MADOERA,Oost-Java,Banjoewangi,Genteng,,,,,137104,124466,261570,406,300,706,2156,1431,3587,116,55,171,139782,126252,266034
JAVA EN MADOERA,403,Banjoewangi,JAVA EN MADOERA,Oost-Java,Banjoewangi,Banjoewangi,JAVA EN MADOERA,Oost-Java,Banjoewangi,Banjoewangi,,,,,47538,45570,93108,289,238,527,849,516,1365,557,540,1097,49233,46864,96097
JAVA EN MADOERA,402,Rogodjampi,JAVA EN MADOERA,Oost-Java,Banjoewangi,Rogodjampi,JAVA EN MADOERA,Oost-Java,Banjoewangi,Rogodjampi,,,,,55311,54271,109582,64,38,102,862,513,1375,91,84,175,56328,54906,111234
JAVA EN MADOERA,337,Wlingi,JAVA EN MADOERA,Oost-Java,Blitar,Wlingi,JAVA EN MADOERA,Oost-Java,Blitar,Wlingi,,,,,55285,56618,111903,236,184,420,761,541,1302,11,3,14,56293,57346,113639
JAVA EN MADOERA,335,Blitar,JAVA EN MADOERA,Oost-Java,Blitar,Blitar,JAVA EN MADOERA,Oost-Java,Blitar,Blitar,,,,,77806,79931,157737,467,428,895,1864,1405,3269,52,28,80,80189,81792,161981
JAVA EN MADOERA,336,Gandoesari,JAVA EN MADOERA,Oost-Java,Blitar,Gandoesari,JAVA EN MADOERA,Oost-Java,Blitar,Gandoesari,,,,,30236,31006,61242,81,61,142,275,201,476,6,5,11,30598,31273,61871
JAVA EN MADOERA,338,Lodojo,JAVA EN MADOERA,Oost-Java,Blitar,Lodojo,JAVA EN MADOERA,Oost-Java,Blitar,Lodojo,,,,,72627,72707,145334,45,25,70,261,231,492,8,7,15,72941,72970,145911
JAVA EN MADOERA,334,Srengat,JAVA EN MADOERA,Oost-Java,Blitar,Srengat,JAVA EN MADOERA,Oost-Java,Blitar,Srengat,,,,,53311,52069,105380,119,109,228,252,152,404,1,1,2,53683,52331,106014
JAVA EN MADOERA,293,Bodjonegoro,JAVA EN MADOERA,Oost-Java,Bodjonegoro,Bodjonegoro,JAVA EN MADOERA,Oost-Java,Bodjonegoro,Bodjonegoro,,,,,61265,64137,125402,139,130,269,1258,1332,2590,95,92,187,62757,65691,128448
JAVA EN MADOERA,295,Baoereno,JAVA EN MADOERA,Oost-Java,Bodjonegoro,Baoereno,JAVA EN MADOERA,Oost-Java,Bodjonegoro,Baoereno,,,,,41241,42348,83589,3,0,3,131,163,294,3,2,5,41378,42513,83891
JAVA EN MADOERA,294,Pelem,JAVA EN MADOERA,Oost-Java,Bodjonegoro,Pelem,JAVA EN MADOERA,Oost-Java,Bodjonegoro,Pelem,,,,,45351,47529,92880,7,1,8,126,108,234,1,0,1,45485,47638,93123
JAVA EN MADOERA,290,Padangan,JAVA EN MADOERA,Oost-Java,Bodjonegoro,Padangan,JAVA EN MADOERA,Oost-Java,Bodjonegoro,Padangan,,,,,29709,30913,60622,19,16,35,265,282,547,6,2,8,29999,31213,61212
JAVA EN MADOERA,292,Ngoempak,JAVA EN MADOERA,Oost-Java,Bodjonegoro,Ngoempak,JAVA EN MADOERA,Oost-Java,Bodjonegoro,Ngoempak,,,,,53049,54920,107969,7,0,7,242,256,498,5,5,10,53303,55181,108484
JAVA EN MADOERA,291,Tambakredjo,JAVA EN MADOERA,Oost-Java,Bodjonegoro,Tambakredjo,JAVA EN MADOERA,Oost-Java,Bodjonegoro,Tambakredjo,,,,,36950,38131,75081,15,10,25,62,62,124,0,0,0,37027,38203,75230
JAVA EN MADOERA,407,Pradjekan,JAVA EN MADOERA,Oost-Java,Bondowoso,Pradjekan,JAVA EN MADOERA,Oost-Java,Bondowoso,Pradjekan,,,,,34461,35283,69744,57,45,102,168,134,302,16,7,23,34702,35469,70171
JAVA EN MADOERA,405,Bondowoso,JAVA EN MADOERA,Oost-Java,Bondowoso,Bondowoso,JAVA EN MADOERA,Oost-Java,Bondowoso,Bondowoso,,,,,53847,56752,110599,304,273,577,849,674,1523,572,621,1193,55572,58320,113892
JAVA EN MADOERA,404,Tamanan,JAVA EN MADOERA,Oost-Java,Bondowoso,Tamanan,JAVA EN MADOERA,Oost-Java,Bondowoso,Tamanan,,,,,46803,48748,95551,32,30,62,232,174,406,13,15,28,47080,48967,96047
JAVA EN MADOERA,406,Wonosari (in BONDOWOSO),JAVA EN MADOERA,Oost-Java,Bondowoso,Wonosari (in BONDOWOSO),JAVA EN MADOERA,Oost-Java,Bondowoso,Wonosari,,,,,44016,46611,90627,28,10,38,196,179,375,15,14,29,44255,46814,91069
JAVA EN MADOERA,397,Rambipoedji,JAVA EN MADOERA,Oost-Java,Djember,Rambipoedji,JAVA EN MADOERA,Oost-Java,Djember,Rambipoedji,,,,,66246,65683,131929,90,63,153,527,398,925,38,43,81,66901,66187,133088
JAVA EN MADOERA,395,Poeger,JAVA EN MADOERA,Oost-Java,Djember,Poeger,JAVA EN MADOERA,Oost-Java,Djember,Poeger,,,,,74276,69192,143468,191,143,334,752,569,1321,20,16,36,75239,69920,145159
JAVA EN MADOERA,400,Kalisat,JAVA EN MADOERA,Oost-Java,Djember,Kalisat,JAVA EN MADOERA,Oost-Java,Djember,Kalisat,,,,,64922,66934,131856,121,90,211,582,375,957,46,35,81,65671,67434,133105
JAVA EN MADOERA,398,Djember,JAVA EN MADOERA,Oost-Java,Djember,Djember,JAVA EN MADOERA,Oost-Java,Djember,Djember,,,,,69499,70456,139955,494,408,902,1422,935,2357,145,88,233,71560,71887,143447
JAVA EN MADOERA,399,Majang,JAVA EN MADOERA,Oost-Java,Djember,Majang,JAVA EN MADOERA,Oost-Java,Djember,Majang,,,,,47675,47287,94962,132,80,212,319,193,512,6,6,12,48132,47566,95698
JAVA EN MADOERA,394,Tanggoel,JAVA EN MADOERA,Oost-Java,Djember,Tanggoel,JAVA EN MADOERA,Oost-Java,Djember,Tanggoel,,,,,76164,74878,151042,274,179,453,778,564,1342,67,53,120,77283,75674,152957
JAVA EN MADOERA,396,Woeloehan,JAVA EN MADOERA,Oost-Java,Djember,Woeloehan,JAVA EN MADOERA,Oost-Java,Djember,Woeloehan,,,,,66112,61050,127162,160,123,283,1247,791,2038,87,55,142,67606,62019,129625
JAVA EN MADOERA,352,Ploso,JAVA EN MADOERA,Oost-Java,Djombang,Ploso,JAVA EN MADOERA,Oost-Java,Djombang,Ploso,,,,,40293,42528,82821,66,40,106,391,371,762,14,10,24,40764,42949,83713
JAVA EN MADOERA,351,Modjoagoeng,JAVA EN MADOERA,Oost-Java,Djombang,Modjoagoeng,JAVA EN MADOERA,Oost-Java,Djombang,Modjoagoeng,,,,,65273,68961,134234,136,94,230,684,517,1201,21,24,45,66114,69596,135710
JAVA EN MADOERA,349,Ngoro,JAVA EN MADOERA,Oost-Java,Djombang,Ngoro,JAVA EN MADOERA,Oost-Java,Djombang,Ngoro,,,,,48011,49629,97640,116,96,212,327,230,557,13,8,21,48467,49963,98430
JAVA EN MADOERA,350,Djombang,JAVA EN MADOERA,Oost-Java,Djombang,Djombang,JAVA EN MADOERA,Oost-Java,Djombang,Djombang,,,,,92443,96000,188443,419,377,796,1818,1531,3349,222,166,388,94902,98074,192976
JAVA EN MADOERA,303,Grisee,JAVA EN MADOERA,Oost-Java,Grisee,Grisee,JAVA EN MADOERA,Oost-Java,Grisee,Grisee,,,,,29531,35515,65046,99,72,171,939,852,1791,486,635,1121,31055,37074,68129
JAVA EN MADOERA,301,Sidajoe,JAVA EN MADOERA,Oost-Java,Grisee,Sidajoe,JAVA EN MADOERA,Oost-Java,Grisee,Sidajoe,,,,,54291,59474,113765,12,4,16,105,89,194,7,5,12,54415,59572,113987
JAVA EN MADOERA,302,Karangbinangoen,JAVA EN MADOERA,Oost-Java,Grisee,Karangbinangoen,JAVA EN MADOERA,Oost-Java,Grisee,Karangbinangoen,,,,,32971,35706,68677,0,0,0,7,2,9,1,1,2,32979,35709,68688
JAVA EN MADOERA,304,Tjerme,JAVA EN MADOERA,Oost-Java,Grisee,Tjerme,JAVA EN MADOERA,Oost-Java,Grisee,Tjerme,,,,,43707,45763,89470,2,0,2,98,43,141,13,7,20,43820,45813,89633
JAVA EN MADOERA,346,Kediri,JAVA EN MADOERA,Oost-Java,Kediri,Kediri,JAVA EN MADOERA,Oost-Java,Kediri,Kediri,,,,,40781,42742,83523,435,417,852,2008,1728,3736,64,43,107,43288,44930,88218
JAVA EN MADOERA,345,Ngadiloewih,JAVA EN MADOERA,Oost-Java,Kediri,Ngadiloewih,JAVA EN MADOERA,Oost-Java,Kediri,Ngadiloewih,,,,,68601,70035,138636,206,140,346,675,490,1165,4,6,10,69486,70671,140157
JAVA EN MADOERA,348,Papar,JAVA EN MADOERA,Oost-Java,Kediri,Papar,JAVA EN MADOERA,Oost-Java,Kediri,Papar,,,,,69573,71744,141317,129,92,221,456,495,951,15,9,24,70173,72340,142513
JAVA EN MADOERA,347,Pare,JAVA EN MADOERA,Oost-Java,Kediri,Pare,JAVA EN MADOERA,Oost-Java,Kediri,Pare,,,,,90869,93386,184255,487,429,916,1531,1232,2763,58,53,111,92945,95100,188045
JAVA EN MADOERA,344,Modjoroto,JAVA EN MADOERA,Oost-Java,Kediri,Modjoroto,JAVA EN MADOERA,Oost-Java,Kediri,Modjoroto,,,,,64969,66031,131000,212,210,422,247,217,464,2,1,3,65430,66459,131889
JAVA EN MADOERA,390,Gending,JAVA EN MADOERA,Oost-Java,Kraksaan,Gending,JAVA EN MADOERA,Oost-Java,Kraksaan,Gending,,,,,43160,45369,88529,92,69,161,211,166,377,49,49,98,43512,45653,89165
JAVA EN MADOERA,392,Paiton,JAVA EN MADOERA,Oost-Java,Kraksaan,Paiton,JAVA EN MADOERA,Oost-Java,Kraksaan,Paiton,,,,,26628,28248,54876,44,24,68,69,36,105,2,2,4,26743,28310,55053
JAVA EN MADOERA,391,Kraksaän,JAVA EN MADOERA,Oost-Java,Kraksaan,Kraksaän,JAVA EN MADOERA,Oost-Java,Kraksaan,Kraksaan,,,,,32389,34470,66859,130,110,240,395,323,718,109,97,206,33023,35000,68023
JAVA EN MADOERA,393,Gading,JAVA EN MADOERA,Oost-Java,Kraksaan,Gading,JAVA EN MADOERA,Oost-Java,Kraksaan,Gading,,,,,33304,34777,68081,11,5,16,26,9,35,0,0,0,33341,34791,68132
JAVA EN MADOERA,297,Babat,JAVA EN MADOERA,Oost-Java,Lamongan,Babat,JAVA EN MADOERA,Oost-Java,Lamongan,Babat,,,,,53736,56119,109855,8,8,16,397,342,739,58,60,118,54199,56529,110728
JAVA EN MADOERA,300,Patjiran,JAVA EN MADOERA,Oost-Java,Lamongan,Patjiran,JAVA EN MADOERA,Oost-Java,Lamongan,Patjiran,,,,,53549,57497,111046,11,5,16,107,103,210,4,3,7,53671,57608,111279
JAVA EN MADOERA,299,Soekodadi,JAVA EN MADOERA,Oost-Java,Lamongan,Soekodadi,JAVA EN MADOERA,Oost-Java,Lamongan,Soekodadi,,,,,60818,64406,125224,1,1,2,69,47,116,5,5,10,60893,64459,125352
JAVA EN MADOERA,296,Ngimbang,JAVA EN MADOERA,Oost-Java,Lamongan,Ngimbang,JAVA EN MADOERA,Oost-Java,Lamongan,Ngimbang,,,,,36271,38051,74322,12,6,18,110,80,190,1,1,2,36394,38138,74532
JAVA EN MADOERA,298,Lamongan,JAVA EN MADOERA,Oost-Java,Lamongan,Lamongan,JAVA EN MADOERA,Oost-Java,Lamongan,Lamongan,,,,,59621,63359,122980,15,11,26,230,240,476,16,6,22,59888,63616,123504
JAVA EN MADOERA,382,Tempeh,JAVA EN MADOERA,Oost-Java,Loemadjang,Tempeh,JAVA EN MADOERA,Oost-Java,Loemadjang,Tempeh,,,,,55517,56688,112205,170,89,259,544,376,920,34,22,56,56265,57175,113440
JAVA EN MADOERA,383,Loemadjang,JAVA EN MADOERA,Oost-Java,Loemadjang,Loemadjang,JAVA EN MADOERA,Oost-Java,Loemadjang,Loemadjang,,,,,60462,61841,122303,222,201,423,1034,747,1781,113,99,212,61831,62888,124719
JAVA EN MADOERA,384,Kandangan (in JAVA EN MADOERA),JAVA EN MADOERA,Oost-Java,Loemadjang,Kandangan (in JAVA EN MADOERA),JAVA EN MADOERA,Oost-Java,Loemadjang,Kandangan,,,,,17910,18687,36597,24,13,37,93,74,167,2,3,5,18029,18777,36806
JAVA EN MADOERA,385,Ranoelamongan,JAVA EN MADOERA,Oost-Java,Loemadjang,Ranoelamongan,JAVA EN MADOERA,Oost-Java,Loemadjang,Ranoelemongan,,,,,60886,62084,122970,358,263,621,443,299,742,39,18,57,61726,62664,124390
JAVA EN MADOERA,313,Madioen,JAVA EN MADOERA,Oost-Java,Madioen,Madioen,JAVA EN MADOERA,Oost-Java,Madioen,Madioen,,,,,66615,68706,135321,829,921,1750,1865,1435,3300,83,31,114,69392,71093,140485
JAVA EN MADOERA,316,Oeteran,JAVA EN MADOERA,Oost-Java,Madioen,Oeteran,JAVA EN MADOERA,Oost-Java,Madioen,Oeteran,,,,,54737,55172,109909,67,38,105,129,95,224,1,1,2,54934,55306,110240
JAVA EN MADOERA,315,Kanigoro,JAVA EN MADOERA,Oost-Java,Madioen,Kanigoro,JAVA EN MADOERA,Oost-Java,Madioen,Kanigoro,,,,,28844,29875,58719,71,44,115,36,34,70,0,0,0,28951,29953,58904
JAVA EN MADOERA,314,Tjaroeban,JAVA EN MADOERA,Oost-Java,Madioen,Tjaroeban,JAVA EN MADOERA,Oost-Java,Madioen,Tjaroeban,,,,,42721,44231,86952,46,33,79,322,286,608,0,0,0,43089,44550,87639
JAVA EN MADOERA,310,Magetan,JAVA EN MADOERA,Oost-Java,Magetan,Magetan,JAVA EN MADOERA,Oost-Java,Magetan,Magetan,,,,,45879,47927,93806,94,102,196,291,234,525,2,1,3,46266,48264,94530
JAVA EN MADOERA,312,Gorang-gareng,JAVA EN MADOERA,Oost-Java,Magetan,Gorang-gareng,JAVA EN MADOERA,Oost-Java,Magetan,Gorang-Gareng,,,,,43651,46909,90560,55,45,100,86,66,152,0,2,2,43792,47022,90814
JAVA EN MADOERA,311,Parang,JAVA EN MADOERA,Oost-Java,Magetan,Parang,JAVA EN MADOERA,Oost-Java,Magetan,Parang,,,,,30966,31825,62791,3,1,4,10,4,14,0,0,0,30979,31830,62809
JAVA EN MADOERA,309,Maospati,JAVA EN MADOERA,Oost-Java,Magetan,Maospati,JAVA EN MADOERA,Oost-Java,Magetan,Maospati,,,,,49141,51801,100942,40,41,81,430,401,831,1,6,7,49612,52249,101861
JAVA EN MADOERA,376,Toempang,JAVA EN MADOERA,Oost-Java,Malang,Toempang,JAVA EN MADOERA,Oost-Java,Malang,Toempang,,,,,66224,69541,135765,69,55,124,429,348,777,11,17,28,66733,69961,136694
JAVA EN MADOERA,375,Singosari,JAVA EN MADOERA,Oost-Java,Malang,Singosari,JAVA EN MADOERA,Oost-Java,Malang,Singosari,,,,,51216,55133,106349,267,239,506,432,329,761,33,25,58,51948,55726,107674
JAVA EN MADOERA,377,Malang,JAVA EN MADOERA,Oost-Java,Malang,Malang,JAVA EN MADOERA,Oost-Java,Malang,Malang,,,,,69605,73337,142942,3893,3740,7633,4768,3284,8052,393,322,715,78659,80683,159342
JAVA EN MADOERA,378,Kepandjen,JAVA EN MADOERA,Oost-Java,Malang,Kepandjen,JAVA EN MADOERA,Oost-Java,Malang,Kepandjen,,,,,71970,75409,147379,193,153,346,794,526,1320,50,48,98,73007,76136,149143
JAVA EN MADOERA,381,Toeren,JAVA EN MADOERA,Oost-Java,Malang,Toeren,JAVA EN MADOERA,Oost-Java,Malang,Toeren,,,,,80965,83884,164849,347,248,595,734,410,1144,49,13,62,82095,84555,166650
JAVA EN MADOERA,379,Boeloelawang,JAVA EN MADOERA,Oost-Java,Malang,Boeloelawang,JAVA EN MADOERA,Oost-Java,Malang,Boeloelawang,,,,,70994,75664,146658,198,152,350,563,337,900,25,16,41,71780,76169,147949
JAVA EN MADOERA,380,Pagak,JAVA EN MADOERA,Oost-Java,Malang,Pagak,JAVA EN MADOERA,Oost-Java,Malang,Pagak,,,,,80683,83486,164169,124,68,192,396,180,576,6,2,8,81209,83736,164945
JAVA EN MADOERA,374,Poedjon,JAVA EN MADOERA,Oost-Java,Malang,Poedjon,JAVA EN MADOERA,Oost-Java,Malang,Poedjon,,,,,50543,51653,102196,284,296,580,415,336,751,12,17,29,51254,52302,103556
JAVA EN MADOERA,356,Djaboeng,JAVA EN MADOERA,Oost-Java,Modjokerto,Djaboeng,JAVA EN MADOERA,Oost-Java,Modjokerto,Djaboeng,,,,,29477,31179,60656,76,57,133,204,136,340,4,9,13,29761,31381,61142
JAVA EN MADOERA,355,Modjosari,JAVA EN MADOERA,Oost-Java,Modjokerto,Modjosari,JAVA EN MADOERA,Oost-Java,Modjokerto,Modjosari,,,,,63442,69327,132769,149,112,261,469,369,838,56,50,106,64116,69858,133974
JAVA EN MADOERA,353,Modjokasri,JAVA EN MADOERA,Oost-Java,Modjokerto,Modjokasri,JAVA EN MADOERA,Oost-Java,Modjokerto,Modjokasri,,,,,44957,46770,91727,92,64,156,199,147,346,0,3,3,45248,46984,92232
JAVA EN MADOERA,354,Modjokerto,JAVA EN MADOERA,Oost-Java,Modjokerto,Modjokerto,JAVA EN MADOERA,Oost-Java,Modjokerto,Modjokerto,,,,,49150,53041,102191,556,548,1104,1661,1333,2994,177,194,371,51544,55116,106660
JAVA EN MADOERA,342,Kertosono,JAVA EN MADOERA,Oost-Java,Ngandjoek,Kertosono,JAVA EN MADOERA,Oost-Java,Ngandjoek,Kertosono,,,,,34369,35274,69643,122,123,245,740,672,1412,26,15,41,35257,36084,71341
JAVA EN MADOERA,339,Berbek,JAVA EN MADOERA,Oost-Java,Ngandjoek,Berbek,JAVA EN MADOERA,Oost-Java,Ngandjoek,Berbek,,,,,51430,52172,103602,42,40,82,301,258,559,1,2,3,51774,52472,104246
JAVA EN MADOERA,340,Ngandjoek,JAVA EN MADOERA,Oost-Java,Ngandjoek,Ngandjoek,JAVA EN MADOERA,Oost-Java,Ngandjoek,Ngandjoek,,,,,58302,60590,118892,141,138,279,715,651,1366,26,13,39,59184,61392,120576
JAVA EN MADOERA,343,Waroedjajeng,JAVA EN MADOERA,Oost-Java,Ngandjoek,Waroedjajeng,JAVA EN MADOERA,Oost-Java,Ngandjoek,Waroedjajeng,,,,,61325,61185,122510,78,46,124,457,460,917,8,7,15,61868,61698,123566
JAVA EN MADOERA,341,Lengkong,JAVA EN MADOERA,Oost-Java,Ngandjoek,Lengkong,JAVA EN MADOERA,Oost-Java,Ngandjoek,Lengkong,,,,,26932,28003,54935,13,9,22,118,116,234,0,0,0,27063,28128,55191
JAVA EN MADOERA,308,Dero,JAVA EN MADOERA,Oost-Java,Ngawi,Dero,JAVA EN MADOERA,Oost-Java,Ngawi,Dero,,,,,51219,53073,104292,13,8,21,30,30,60,0,0,0,51262,53111,104373
JAVA EN MADOERA,306,Ngrambe,JAVA EN MADOERA,Oost-Java,Ngawi,Ngrambe,JAVA EN MADOERA,Oost-Java,Ngawi,Ngrambe,,,,,44689,45438,90127,35,25,60,101,83,184,8,4,12,44833,45550,90383
JAVA EN MADOERA,307,Ngawi,JAVA EN MADOERA,Oost-Java,Ngawi,Ngawi,JAVA EN MADOERA,Oost-Java,Ngawi,Ngawi,,,,,55586,56029,111615,214,197,411,521,468,989,28,26,54,56349,56720,113069
JAVA EN MADOERA,305,Gendingan,JAVA EN MADOERA,Oost-Java,Ngawi,Gendingan,JAVA EN MADOERA,Oost-Java,Ngawi,Gendingan,,,,,40009,40724,80733,78,59,137,160,120,280,0,0,0,40247,40903,81150
JAVA EN MADOERA,422,Boender,JAVA EN MADOERA,Oost-Java,Pamekasan,Boender,JAVA EN MADOERA,Oost-Java,Pamekasan,Boender,,,,,36769,41981,78750,16,13,29,45,52,97,4,2,6,36834,42048,78882
JAVA EN MADOERA,421,Pamekasan,JAVA EN MADOERA,Oost-Java,Pamekasan,Pamekasan,JAVA EN MADOERA,Oost-Java,Pamekasan,Pamekasan,,,,,38687,43228,81915,157,112,269,316,391,707,286,331,617,39446,44062,83508
JAVA EN MADOERA,424,Waroe (in PAMEKASAN),JAVA EN MADOERA,Oost-Java,Pamekasan,Waroe (in PAMEKASAN),JAVA EN MADOERA,Oost-Java,Pamekasan,Waroe,,,,,43363,46054,89417,3,0,3,27,36,63,15,11,26,43408,46101,89509
JAVA EN MADOERA,423,Pangantenan,JAVA EN MADOERA,Oost-Java,Pamekasan,Pangantenan,JAVA EN MADOERA,Oost-Java,Pamekasan,Pangantenan,,,,,49862,54146,104008,0,0,0,27,16,43,21,24,45,49910,54186,104096
JAVA EN MADOERA,410,Sitoebondo,JAVA EN MADOERA,Oost-Java,Panaroekan,Sitoebondo,JAVA EN MADOERA,Oost-Java,Panaroekan,Sitoebondo,,,,,45574,47383,92957,185,178,363,839,598,1437,293,328,621,46891,48487,95378
JAVA EN MADOERA,409,Panaroekan,JAVA EN MADOERA,Oost-Java,Panaroekan,Panaroekan,JAVA EN MADOERA,Oost-Java,Panaroekan,Panaroekan,,,,,17980,18198,36178,52,32,84,208,171,379,32,39,71,18272,18440,36712
JAVA EN MADOERA,408,Besoeki,JAVA EN MADOERA,Oost-Java,Panaroekan,Besoeki,JAVA EN MADOERA,Oost-Java,Panaroekan,Besoeki,,,,,47493,49293,96786,56,43,99,312,249,561,183,256,439,48044,49841,97885
JAVA EN MADOERA,411,Soemberwaroe,JAVA EN MADOERA,Oost-Java,Panaroekan,Soemberwaroe,JAVA EN MADOERA,Oost-Java,Panaroekan,Soemberwaroe,,,,,36857,38195,75052,44,41,85,233,180,413,81,80,161,37215,38496,75711
JAVA EN MADOERA,370,Wangkal,JAVA EN MADOERA,Oost-Java,Pasoeroean,Wangkal,JAVA EN MADOERA,Oost-Java,Pasoeroean,Wangkal,,,,,21802,24572,46374,17,6,23,43,41,84,2,4,6,21864,24623,46487
JAVA EN MADOERA,369,Tengger (in PASOEROEAN),JAVA EN MADOERA,Oost-Java,Pasoeroean,Tengger (in PASOEROEAN),JAVA EN MADOERA,Oost-Java,Pasoeroean,Tengger,,,,,31276,33344,64620,86,87,173,171,87,258,7,2,9,31540,33520,65060
JAVA EN MADOERA,371,Kebontjandi,JAVA EN MADOERA,Oost-Java,Pasoeroean,Kebontjandi,JAVA EN MADOERA,Oost-Java,Pasoeroean,Kebontjandi,,,,,29108,32252,61360,49,32,81,223,182,405,27,20,47,29407,32486,61893
JAVA EN MADOERA,372,Grati,JAVA EN MADOERA,Oost-Java,Pasoeroean,Grati,JAVA EN MADOERA,Oost-Java,Pasoeroean,Grati,,,,,36652,39938,76590,17,13,30,210,141,351,22,21,43,36901,40113,77014
JAVA EN MADOERA,373,Pasoeroean,JAVA EN MADOERA,Oost-Java,Pasoeroean,Pasoeroean,JAVA EN MADOERA,Oost-Java,Pasoeroean,Pasoeroean,,,,,43566,47870,91436,423,440,863,1621,1389,3010,302,352,654,45912,50051,95963
JAVA EN MADOERA,322,Tegalombo,JAVA EN MADOERA,Oost-Java,Patjitan,Tegalombo,JAVA EN MADOERA,Oost-Java,Patjitan,Tegalombo,,,,,29015,30123,59138,0,0,0,4,1,5,0,0,0,29019,30124,59143
JAVA EN MADOERA,324,Patjitan,JAVA EN MADOERA,Oost-Java,Patjitan,Patjitan,JAVA EN MADOERA,Oost-Java,Patjitan,Patjitan,,,,,43987,48198,92185,12,23,35,130,170,300,2,2,4,44131,48393,92524
JAVA EN MADOERA,325,Lorog,JAVA EN MADOERA,Oost-Java,Patjitan,Lorog,JAVA EN MADOERA,Oost-Java,Patjitan,Lorog,,,,,38486,41184,79670,0,0,0,5,4,9,0,0,0,38491,41188,79679
JAVA EN MADOERA,323,Poenoeng,JAVA EN MADOERA,Oost-Java,Patjitan,Poenoeng,JAVA EN MADOERA,Oost-Java,Patjitan,Poenoeng,,,,,31313,32933,64246,2,2,4,20,12,32,0,0,0,31335,32947,64282
JAVA EN MADOERA,318,Ponorogo,JAVA EN MADOERA,Oost-Java,Ponorogo,Ponorogo,JAVA EN MADOERA,Oost-Java,Ponorogo,Ponorogo,,,,,53034,53847,106881,72,64,136,550,440,990,15,3,18,53671,54354,108025
JAVA EN MADOERA,319,Poeloeng,JAVA EN MADOERA,Oost-Java,Ponorogo,Poeloeng,JAVA EN MADOERA,Oost-Java,Ponorogo,Poeloeng,,,,,26610,27384,53994,5,5,10,14,6,20,0,0,0,26629,27395,54024
JAVA EN MADOERA,320,Ardjowinangoen,JAVA EN MADOERA,Oost-Java,Ponorogo,Ardjowinangoen,JAVA EN MADOERA,Oost-Java,Ponorogo,Ardjowinangoen,,,,,42906,43445,86351,3,1,4,68,42,110,0,0,0,42977,43488,86465
JAVA EN MADOERA,317,Soemoroto,JAVA EN MADOERA,Oost-Java,Ponorogo,Soemoroto,JAVA EN MADOERA,Oost-Java,Ponorogo,Soemoroto,,,,,60087,60780,120867,20,18,38,72,66,138,0,0,0,60179,60864,121043
JAVA EN MADOERA,321,Djebeng,JAVA EN MADOERA,Oost-Java,Ponorogo,Djebeng,JAVA EN MADOERA,Oost-Java,Ponorogo,Djebeng,,,,,53275,54986,108261,12,16,28,33,37,70,0,0,0,53320,55039,108359
JAVA EN MADOERA,386,Tengger (in PROBOLINGGO),JAVA EN MADOERA,Oost-Java,Probolinggo,Tengger (in PROBOLINGGO),JAVA EN MADOERA,Oost-Java,Probolinggo,Tengger,,,,,23980,25353,49333,14,5,19,42,28,70,1,1,2,24037,25387,49424
JAVA EN MADOERA,387,Tongas,JAVA EN MADOERA,Oost-Java,Probolinggo,Tongas,JAVA EN MADOERA,Oost-Java,Probolinggo,Tongas,,,,,36494,39134,75628,46,36,82,73,46,119,9,14,23,36622,39230,75852
JAVA EN MADOERA,388,Probolinggo,JAVA EN MADOERA,Oost-Java,Probolinggo,Probolinggo,JAVA EN MADOERA,Oost-Java,Probolinggo,Probolinggo,,,,,41074,44218,85292,480,472,952,2050,1670,3720,250,233,483,43854,46593,90447
JAVA EN MADOERA,389,Dringoe,JAVA EN MADOERA,Oost-Java,Probolinggo,Dringoe,JAVA EN MADOERA,Oost-Java,Probolinggo,Dringoe,,,,,25275,26587,51862,30,26,56,102,88,190,3,7,10,25410,26708,52118
JAVA EN MADOERA,417,Ketapang,JAVA EN MADOERA,Oost-Java,Sampang,Ketapang,JAVA EN MADOERA,Oost-Java,Sampang,Ketapang,,,,,68911,74398,143309,0,0,0,94,96,190,3,1,4,69008,74495,143503
JAVA EN MADOERA,419,Tordjoen,JAVA EN MADOERA,Oost-Java,Sampang,Tordjoen,JAVA EN MADOERA,Oost-Java,Sampang,Tordjoen,,,,,37551,42957,80508,28,23,51,6,10,16,6,6,12,37591,42996,80587
JAVA EN MADOERA,418,Kedoengdoeng,JAVA EN MADOERA,Oost-Java,Sampang,Kedoengdoeng,JAVA EN MADOERA,Oost-Java,Sampang,Kedoengdoeng,,,,,58756,64334,123090,2,0,2,7,12,19,4,4,8,58769,64350,123119
JAVA EN MADOERA,420,Kota Sampang,JAVA EN MADOERA,Oost-Java,Sampang,Kota Sampang,JAVA EN MADOERA,Oost-Java,Sampang,Kota sampang,,,,,57366,65746,123112,23,18,41,154,146,300,39,38,77,57582,65948,123530
JAVA EN MADOERA,363,Sidoardjo,JAVA EN MADOERA,Oost-Java,Sidoardjo,Sidoardjo,JAVA EN MADOERA,Oost-Java,Sidoardjo,Sidoardjo,,,,,38832,43785,82617,262,244,506,893,683,1576,65,47,112,40052,44759,84811
JAVA EN MADOERA,362,Taman,JAVA EN MADOERA,Oost-Java,Sidoardjo,Taman,JAVA EN MADOERA,Oost-Java,Sidoardjo,Taman,,,,,50903,57296,108199,187,176,363,505,392,897,132,154,286,51727,58018,109745
JAVA EN MADOERA,364,Porong,JAVA EN MADOERA,Oost-Java,Sidoardjo,Porong,JAVA EN MADOERA,Oost-Java,Sidoardjo,Porong,,,,,55221,59934,115155,140,108,248,366,285,651,10,2,12,55737,60329,116066
JAVA EN MADOERA,361,Krian,JAVA EN MADOERA,Oost-Java,Sidoardjo,Krian,JAVA EN MADOERA,Oost-Java,Sidoardjo,Krian,,,,,56098,60435,116533,131,128,259,497,391,888,67,57,124,56793,61011,117804
JAVA EN MADOERA,431,Sepoedi,JAVA EN MADOERA,Oost-Java,Soemenep,Sepoedi,JAVA EN MADOERA,Oost-Java,Soemenep,Sepoedi,,,,,29389,33815,63204,0,0,0,89,114,203,72,55,127,29550,33984,63534
JAVA EN MADOERA,427,Timoerlaoet,JAVA EN MADOERA,Oost-Java,Soemenep,Timoerlaoet,JAVA EN MADOERA,Oost-Java,Soemenep,Timoerlaoet,,,,,48188,57108,105296,0,0,0,53,79,132,12,12,24,48253,57199,105452
JAVA EN MADOERA,428,Soemenep,JAVA EN MADOERA,Oost-Java,Soemenep,Soemenep,JAVA EN MADOERA,Oost-Java,Soemenep,Soemenep,,,,,34439,41047,75486,165,169,334,493,543,1036,546,684,1230,35643,42443,78086
JAVA EN MADOERA,425,Baratdaja,JAVA EN MADOERA,Oost-Java,Soemenep,Baratdaja,JAVA EN MADOERA,Oost-Java,Soemenep,Baratdaja,,,,,40263,44280,84543,0,0,0,25,24,49,8,6,14,40296,44310,84606
JAVA EN MADOERA,429,Manding,JAVA EN MADOERA,Oost-Java,Soemenep,Manding,JAVA EN MADOERA,Oost-Java,Soemenep,Manding,,,,,35991,40455,76446,0,0,0,0,0,0,6,8,14,35997,40463,76460
JAVA EN MADOERA,426,Baratlaoet,JAVA EN MADOERA,Oost-Java,Soemenep,Baratlaoet,JAVA EN MADOERA,Oost-Java,Soemenep,Baratlaoet,,,,,40719,46440,87159,1,0,1,40,36,76,27,26,53,40787,46502,87289
JAVA EN MADOERA,432,Kangean,JAVA EN MADOERA,Oost-Java,Soemenep,Kangean,JAVA EN MADOERA,Oost-Java,Soemenep,Kangean,,,,,20153,20380,40533,4,4,8,32,40,72,58,72,130,20247,20496,40743
JAVA EN MADOERA,430,Timoerdaja,JAVA EN MADOERA,Oost-Java,Soemenep,Timoerdaja,JAVA EN MADOERA,Oost-Java,Soemenep,Timoerdaja,,,,,44111,49937,94048,1,0,1,142,146,288,14,15,29,44268,50098,94366
JAVA EN MADOERA,358,Soerabaia,JAVA EN MADOERA,Oost-Java,Soerabaia,Soerabaia,JAVA EN MADOERA,Oost-Java,Soerabaia,Soerabaia,,,,,119927,126208,246135,11240,10691,21931,22960,13906,36866,3147,2436,5583,157274,153241,310515
JAVA EN MADOERA,360,Goenoengkendeng,JAVA EN MADOERA,Oost-Java,Soerabaia,Goenoengkendeng,JAVA EN MADOERA,Oost-Java,Soerabaia,Goenoengkendeng,,,,,64111,67537,131648,93,70,163,134,138,272,21,18,39,64359,67763,132122
JAVA EN MADOERA,359,Djabakotta,JAVA EN MADOERA,Oost-Java,Soerabaia,Djabakotta,JAVA EN MADOERA,Oost-Java,Soerabaia,Djaba Kotta,,,,,44384,48247,92631,2088,1961,4049,1314,824,2138,68,26,94,47854,51058,98912
JAVA EN MADOERA,357,Bawean,JAVA EN MADOERA,Oost-Java,Soerabaia,Bawean,JAVA EN MADOERA,Oost-Java,Soerabaia,Bawean,,,,,11913,17947,29860,1,1,2,0,0,0,0,0,0,11914,17948,29862
JAVA EN MADOERA,288,Djenoe,JAVA EN MADOERA,Oost-Java,Toeban,Djenoe,JAVA EN MADOERA,Oost-Java,Toeban,Djenoe,,,,,33653,35291,68944,2,4,6,103,98,201,1,0,1,33759,35393,69152
JAVA EN MADOERA,287,Rengel,JAVA EN MADOERA,Oost-Java,Toeban,Rengel,JAVA EN MADOERA,Oost-Java,Toeban,Bengel,,,,,58178,61431,119609,6,4,10,490,558,1048,5,3,8,58679,61996,120675
JAVA EN MADOERA,285,Djatirogo,JAVA EN MADOERA,Oost-Java,Toeban,Djatirogo,JAVA EN MADOERA,Oost-Java,Toeban,Djatirogo,,,,,30659,31652,62311,8,6,14,298,292,590,2,1,3,30967,31951,62918
JAVA EN MADOERA,286,Singgahan,JAVA EN MADOERA,Oost-Java,Toeban,Singgahan,JAVA EN MADOERA,Oost-Java,Toeban,Singgahan,,,,,45257,47170,92427,5,2,7,117,122,239,5,2,7,45384,47296,92680
JAVA EN MADOERA,284,Bantjar,JAVA EN MADOERA,Oost-Java,Toeban,Bantjar,JAVA EN MADOERA,Oost-Java,Toeban,Bantjar,,,,,39109,41154,80263,0,0,0,252,260,512,2,3,5,39363,41417,80780
JAVA EN MADOERA,289,Toeban,JAVA EN MADOERA,Oost-Java,Toeban,Toeban,JAVA EN MADOERA,Oost-Java,Toeban,Toeban,,,,,57297,60744,118041,67,55,122,1593,1674,3267,254,299,553,59211,62772,121983
JAVA EN MADOERA,331,Toeloengagoeng,JAVA EN MADOERA,Oost-Java,Toeloengagoeng,Toeloengagoeng,JAVA EN MADOERA,Oost-Java,Toeloengagoeng,Toeloengagoeng,,,,,59512,61026,120538,164,135,299,1727,1405,3132,117,82,199,61520,62648,124168
JAVA EN MADOERA,333,Ngoenoet,JAVA EN MADOERA,Oost-Java,Toeloengagoeng,Ngoenoet,JAVA EN MADOERA,Oost-Java,Toeloengagoeng,Ngoenoet,,,,,74378,73831,148209,104,60,164,615,429,1044,9,2,11,75106,74322,149428
JAVA EN MADOERA,330,Kalangbret,JAVA EN MADOERA,Oost-Java,Toeloengagoeng,Kalangbret,JAVA EN MADOERA,Oost-Java,Toeloengagoeng,Kalangbret,,,,,49057,51396,100453,66,50,116,277,209,486,1,1,2,49401,51656,101057
JAVA EN MADOERA,332,Tjampoerdarat,JAVA EN MADOERA,Oost-Java,Toeloengagoeng,Tjampoerdarat,JAVA EN MADOERA,Oost-Java,Toeloengagoeng,Tjampoerdarat,,,,,42509,45315,87824,20,7,27,121,82,203,0,0,0,42650,45404,88054
JAVA EN MADOERA,327,Kampak,JAVA EN MADOERA,Oost-Java,Trenggalek,Kampak,JAVA EN MADOERA,Oost-Java,Trenggalek,Kampak,,,,,24704,26583,51287,8,4,12,54,33,87,0,0,0,24766,26620,51386
JAVA EN MADOERA,328,Karangan,JAVA EN MADOERA,Oost-Java,Trenggalek,Karangan,JAVA EN MADOERA,Oost-Java,Trenggalek,Karangan,,,,,30914,31828,62742,1,0,1,9,7,16,0,0,0,30924,31835,62759
JAVA EN MADOERA,326,Panggoel,JAVA EN MADOERA,Oost-Java,Trenggalek,Panggoel,JAVA EN MADOERA,Oost-Java,Trenggalek,Panggoel,,,,,28629,30022,58651,0,0,0,54,41,95,0,0,0,28683,30063,58746
JAVA EN MADOERA,329,Trenggalek,JAVA EN MADOERA,Oost-Java,Trenggalek,Trenggalek,JAVA EN MADOERA,Oost-Java,Trenggalek,Trenggalek,,,,,37977,40606,78583,36,29,65,271,276,547,3,1,4,38287,40912,79199
JAVA EN MADOERA,260,Bojolali,JAVA EN MADOERA,Soerakarta,Bojolali,Bojolali,JAVA EN MADOERA,Soerakarta,Bojolali,Bojolali,,,,,35166,36553,71719,154,143,297,276,301,577,6,1,7,35602,36998,72600
JAVA EN MADOERA,263,Karanggede,JAVA EN MADOERA,Soerakarta,Bojolali,Karanggede,JAVA EN MADOERA,Soerakarta,Bojolali,Karanggede,,,,,31614,31281,62895,3,2,5,23,22,45,1,1,2,31641,31306,62947
JAVA EN MADOERA,261,Banjoedono,JAVA EN MADOERA,Soerakarta,Bojolali,Banjoedono,JAVA EN MADOERA,Soerakarta,Bojolali,Banjoedono,,,,,35009,36734,71743,56,61,117,25,30,55,1,1,2,35091,36826,71917
JAVA EN MADOERA,262,Temon,JAVA EN MADOERA,Soerakarta,Bojolali,Temon,JAVA EN MADOERA,Soerakarta,Bojolali,Temon,,,,,38268,38494,76762,32,11,43,39,27,66,0,0,0,38339,38532,76871
JAVA EN MADOERA,259,Ampel,JAVA EN MADOERA,Soerakarta,Bojolali,Ampel,JAVA EN MADOERA,Soerakarta,Bojolali,Ampel,,,,,21237,22226,43463,51,34,85,50,40,90,0,0,0,21338,22300,43638
JAVA EN MADOERA,264,Djoewangi,JAVA EN MADOERA,Soerakarta,Bojolali,Djoewangi,JAVA EN MADOERA,Soerakarta,Bojolali,Djoewangi,,,,,24719,25225,49944,10,12,22,53,55,108,0,0,0,24782,25292,50074
JAVA EN MADOERA,257,Delanggoe,JAVA EN MADOERA,Soerakarta,Klaten,Delanggoe,JAVA EN MADOERA,Soerakarta,Klaten,Delanggoe,,,,,55868,59380,115248,137,120,257,256,166,422,1,1,2,56262,59667,115929
JAVA EN MADOERA,254,Bedji,JAVA EN MADOERA,Soerakarta,Klaten,Bedji,JAVA EN MADOERA,Soerakarta,Klaten,Bedji,,,,,63769,66382,130151,62,44,106,310,265,575,0,2,2,64141,66693,130834
JAVA EN MADOERA,258,Djatinom,JAVA EN MADOERA,Soerakarta,Klaten,Djatinom,JAVA EN MADOERA,Soerakarta,Klaten,Djatinom,,,,,48025,49890,97915,127,111,238,236,225,461,0,1,1,48388,50227,98615
JAVA EN MADOERA,256,Klaten,JAVA EN MADOERA,Soerakarta,Klaten,Klaten,JAVA EN MADOERA,Soerakarta,Klaten,Klaten,,,,,57903,61009,118912,412,393,805,983,801,1784,14,13,27,59312,62216,121528
JAVA EN MADOERA,255,Gondangwinangoen,JAVA EN MADOERA,Soerakarta,Klaten,Gondangwinangoen,JAVA EN MADOERA,Soerakarta,Klaten,Gondangwinangoen,,,,,51270,54720,105990,179,160,339,172,166,338,0,0,0,51621,55046,106667
JAVA EN MADOERA,276,Karanganjar (in KOTA MANGKOENEGARAN),JAVA EN MADOERA,Soerakarta,Kotta mangkoenegaran,Karanganjar (in KOTA MANGKOENEGARAN),JAVA EN MADOERA,Soerakarta,Kotta mangkoenegaran,Karanganjar,,,,,42656,42711,85367,86,68,154,233,146,379,4,3,7,42979,42928,85907
JAVA EN MADOERA,275,Kota Mangkoenegaran,JAVA EN MADOERA,Soerakarta,Kotta mangkoenegaran,Kota Mangkoenegaran,JAVA EN MADOERA,Soerakarta,Kotta mangkoenegaran,Kotta mangkoenegaran,,,,,42202,44217,86419,502,494,996,967,1015,1982,30,31,61,43701,45757,89458
JAVA EN MADOERA,277,Karangpandan,JAVA EN MADOERA,Soerakarta,Kotta mangkoenegaran,Karangpandan,JAVA EN MADOERA,Soerakarta,Kotta mangkoenegaran,Karangpandan,,,,,40447,40401,80848,44,28,72,97,87,184,0,0,0,40588,40516,81104
JAVA EN MADOERA,278,Djoemapolo,JAVA EN MADOERA,Soerakarta,Kotta mangkoenegaran,Djoemapolo,JAVA EN MADOERA,Soerakarta,Kotta mangkoenegaran,Djoemapolo,,,,,32403,32525,64928,2,1,3,26,22,48,0,0,0,32431,32548,64979
JAVA EN MADOERA,272,Bekonang,JAVA EN MADOERA,Soerakarta,Soerakarta,Bekonang,JAVA EN MADOERA,Soerakarta,Soerakarta,Bekonang,,,,,21587,22316,43903,2,4,6,51,51,102,7,6,13,21647,22377,44024
JAVA EN MADOERA,270,Soerakarta,JAVA EN MADOERA,Soerakarta,Soerakarta,Soerakarta,JAVA EN MADOERA,Soerakarta,Soerakarta,Soerakarta,,,,,57640,64007,121647,1178,1161,2339,5096,4490,9586,684,643,1327,64598,70301,134899
JAVA EN MADOERA,271,Kartasoera,JAVA EN MADOERA,Soerakarta,Soerakarta,Kartasoera,JAVA EN MADOERA,Soerakarta,Soerakarta,Kartasoera,,,,,33869,36483,70352,72,47,119,382,417,799,2,1,3,34325,36948,71273
JAVA EN MADOERA,274,Tawangsari,JAVA EN MADOERA,Soerakarta,Soerakarta,Tawangsari,JAVA EN MADOERA,Soerakarta,Soerakarta,Tawangsari,,,,,31553,32075,63628,7,3,10,9,8,17,0,0,0,31569,32086,63655
JAVA EN MADOERA,273,Soekohardjo,JAVA EN MADOERA,Soerakarta,Soerakarta,Soekohardjo,JAVA EN MADOERA,Soerakarta,Soerakarta,Soekohardjo,,,,,38460,39175,77635,14,9,23,143,97,240,0,0,0,38617,39281,77898
JAVA EN MADOERA,266,Gesi,JAVA EN MADOERA,Soerakarta,Sragen,Gesi,JAVA EN MADOERA,Soerakarta,Sragen,Gesi,,,,,26582,26190,52772,10,5,15,5,2,7,0,0,0,26597,26197,52794
JAVA EN MADOERA,268,Sragen,JAVA EN MADOERA,Soerakarta,Sragen,Sragen,JAVA EN MADOERA,Soerakarta,Sragen,Sragen,,,,,30793,31294,62087,160,143,303,573,429,1002,10,3,13,31536,31869,63405
JAVA EN MADOERA,267,Gondang,JAVA EN MADOERA,Soerakarta,Sragen,Gondang,JAVA EN MADOERA,Soerakarta,Sragen,Gondang,,,,,23263,23440,46703,56,42,98,171,131,302,0,0,0,23490,23613,47103
JAVA EN MADOERA,269,Masaran,JAVA EN MADOERA,Soerakarta,Sragen,Masaran,JAVA EN MADOERA,Soerakarta,Sragen,Masaran,,,,,24159,24297,48456,6,7,13,115,144,259,1,0,1,24281,24448,48729
JAVA EN MADOERA,265,Gemolong,JAVA EN MADOERA,Soerakarta,Sragen,Gemolong,JAVA EN MADOERA,Soerakarta,Sragen,Gemolong,,,,,55920,55466,111386,27,18,45,107,90,197,0,2,2,56054,55576,111630
JAVA EN MADOERA,280,Wonogiri,JAVA EN MADOERA,Soerakarta,Wonogiri,Wonogiri,JAVA EN MADOERA,Soerakarta,Wonogiri,Wonogiri,,,,,58505,59027,117532,19,16,35,460,375,835,0,0,0,58984,59418,118402
JAVA EN MADOERA,282,Djatisrono,JAVA EN MADOERA,Soerakarta,Wonogiri,Djatisrono,JAVA EN MADOERA,Soerakarta,Wonogiri,Djatisrono,,,,,55447,56650,112097,0,0,0,66,48,114,0,0,0,55513,56698,112211
JAVA EN MADOERA,283,Poerwantoro,JAVA EN MADOERA,Soerakarta,Wonogiri,Poerwantoro,JAVA EN MADOERA,Soerakarta,Wonogiri,Poerwantoro,,,,,44315,45252,89567,4,3,7,44,21,65,0,0,0,44363,45276,89639
JAVA EN MADOERA,281,Batoeretno,JAVA EN MADOERA,Soerakarta,Wonogiri,Batoeretno,JAVA EN MADOERA,Soerakarta,Wonogiri,Batoeretno,,,,,67175,69082,136257,1,0,1,272,215,487,3,2,5,67451,69299,136750
JAVA EN MADOERA,279,Woerjantoro,JAVA EN MADOERA,Soerakarta,Wonogiri,Woerjantoro,JAVA EN MADOERA,Soerakarta,Wonogiri,Woerjantoro,,,,,58868,60400,119268,1,1,2,57,41,98,0,0,0,58926,60442,119368
JAVA EN MADOERA,89,Tjimahi,JAVA EN MADOERA,West Java,Bandoeng,Tjimahi,JAVA EN MADOERA,West Java,Bandoeng,Tjimahi,,,,,71868,75689,147557,2256,1342,3598,1195,873,2068,45,22,67,75364,77926,153290
JAVA EN MADOERA,93,Bandjaran,JAVA EN MADOERA,West Java,Bandoeng,Bandjaran,JAVA EN MADOERA,West Java,Bandoeng,Bandjaran,,,,,57030,62304,119334,188,170,358,370,198,568,7,1,8,57595,62673,120268
JAVA EN MADOERA,92,Bandoeng,JAVA EN MADOERA,West Java,Bandoeng,Bandoeng,JAVA EN MADOERA,West Java,Bandoeng,Bandoeng,,,,,87730,89706,177436,9684,9579,19263,9879,7088,16967,309,166,475,107602,106539,214141
JAVA EN MADOERA,95,Tjitjalengka,JAVA EN MADOERA,West Java,Bandoeng,Tjitjalengka,JAVA EN MADOERA,West Java,Bandoeng,Tjitjalengka,,,,,49289,54140,103429,63,65,128,311,237,548,12,5,17,49675,54447,104122
JAVA EN MADOERA,87,Tjikalongwetan,JAVA EN MADOERA,West Java,Bandoeng,Tjikalongwetan,JAVA EN MADOERA,West Java,Bandoeng,Tjikalongwetan,,,,,32969,34213,67182,93,57,150,239,147,386,1,0,1,33302,34417,67719
JAVA EN MADOERA,91,Soreang,JAVA EN MADOERA,West Java,Bandoeng,Soreang,JAVA EN MADOERA,West Java,Bandoeng,Soreang,,,,,40244,42390,82634,87,54,141,317,220,537,11,0,11,40659,42664,83323
JAVA EN MADOERA,96,Oedjoengbroeng,JAVA EN MADOERA,West Java,Bandoeng,Oedjoengbroeng,JAVA EN MADOERA,West Java,Bandoeng,Oedjoengbroeng,,,,,56670,59999,116669,196,151,347,395,318,713,17,11,28,57278,60479,117757
JAVA EN MADOERA,88,Lembang,JAVA EN MADOERA,West Java,Bandoeng,Lembang,JAVA EN MADOERA,West Java,Bandoeng,Lembang,,,,,47612,49909,97521,581,454,1035,363,231,594,11,9,20,48567,50603,99170
JAVA EN MADOERA,94,Tjiparaj,JAVA EN MADOERA,West Java,Bandoeng,Tjiparaj,JAVA EN MADOERA,West Java,Bandoeng,Tjiparaj,,,,,56768,61750,118518,80,59,139,295,185,480,13,11,24,57156,62005,119161
JAVA EN MADOERA,90,Tjililin,JAVA EN MADOERA,West Java,Bandoeng,Tjililin,JAVA EN MADOERA,West Java,Bandoeng,Tjililin,,,,,60562,63531,124093,35,17,52,130,57,187,3,1,4,60730,63606,124336
JAVA EN MADOERA,18,Tangerang,JAVA EN MADOERA,West Java,Batavia,Tangerang,JAVA EN MADOERA,West Java,Batavia,Tangerang,,,,,95594,101339,196933,144,106,250,10181,9553,19734,65,75,140,105984,111073,217057
JAVA EN MADOERA,19,Batavia,JAVA EN MADOERA,West Java,Batavia,Batavia,JAVA EN MADOERA,West Java,Batavia,Batavia,,,,,64520,61664,126184,4442,4131,8573,26719,20368,47087,1917,1585,3502,97598,87748,185346
JAVA EN MADOERA,20,Weltevreden,JAVA EN MADOERA,West Java,Batavia,Weltevreden,JAVA EN MADOERA,West Java,Batavia,Weltevreden,,,,,101527,100740,202267,11570,10987,22557,14148,10453,24601,1512,1374,2886,128757,123554,252311
JAVA EN MADOERA,17,Maoek,JAVA EN MADOERA,West Java,Batavia,Maoek,JAVA EN MADOERA,West Java,Batavia,Maoek,,,,,62899,67543,130442,8,5,13,8113,7884,15997,25,20,45,71045,75452,146497
JAVA EN MADOERA,16,Balaradja,JAVA EN MADOERA,West Java,Batavia,Balaradja,JAVA EN MADOERA,West Java,Batavia,Balaradja,,,,,69722,75082,144804,15,14,29,2384,2310,4694,0,0,0,72121,77406,149527
JAVA EN MADOERA,67,Djasinga,JAVA EN MADOERA,West Java,Buitenzorg,Djasinga,JAVA EN MADOERA,West Java,Buitenzorg,Djasinga,,,,,37599,40254,77853,70,47,117,655,601,1256,21,12,33,38345,40914,79259
JAVA EN MADOERA,73,Tjibaroesa,JAVA EN MADOERA,West Java,Buitenzorg,Tjibaroesa,JAVA EN MADOERA,West Java,Buitenzorg,Tjibaroesa,,,,,113246,117307,230553,49,33,82,1859,1720,3579,24,17,41,115178,119077,234255
JAVA EN MADOERA,70,Buitenzorg,JAVA EN MADOERA,West Java,Buitenzorg,Buitenzorg,JAVA EN MADOERA,West Java,Buitenzorg,Buitenzorg,,,,,92700,96038,188738,2904,2535,5439,4751,4150,8901,603,584,1187,100958,103307,204265
JAVA EN MADOERA,72,Tjibinong,JAVA EN MADOERA,West Java,Buitenzorg,Tjibinong,JAVA EN MADOERA,West Java,Buitenzorg,Tjibinong,,,,,48637,49673,98310,33,24,57,1377,1229,2606,16,22,38,50063,50948,101011
JAVA EN MADOERA,69,Paroeng,JAVA EN MADOERA,West Java,Buitenzorg,Paroeng,JAVA EN MADOERA,West Java,Buitenzorg,Paroeng,,,,,56506,58480,114986,292,290,582,2359,2129,4488,8,4,12,59165,60903,120068
JAVA EN MADOERA,35,Tjiawi (in BUITENZORG),JAVA EN MADOERA,West Java,Buitenzorg,Tjiawi (in BUITENZORG),JAVA EN MADOERA,West Java,Buitenzorg,Tjiawi,,,,,56040,57026,113066,93,47,140,423,350,773,8,15,23,56564,57438,114002
JAVA EN MADOERA,68,Leuwiliang,JAVA EN MADOERA,West Java,Buitenzorg,Leuwiliang,JAVA EN MADOERA,West Java,Buitenzorg,Leuwiliang,,,,,82321,84688,167009,72,64,136,1180,1025,2205,53,61,114,83626,85838,169464
JAVA EN MADOERA,57,Ardjawinangoen,JAVA EN MADOERA,West Java,Cheribon,Ardjawinangoen,JAVA EN MADOERA,West Java,Cheribon,Ardjawinangoen,,,,,57346,60148,117494,39,45,84,277,254,531,67,58,125,57729,60505,118234
JAVA EN MADOERA,61,Sindanglaoet,JAVA EN MADOERA,West Java,Cheribon,Sindanglaoet,JAVA EN MADOERA,West Java,Cheribon,Sindanglaoet,,,,,60503,62923,123426,122,82,204,790,724,1514,174,152,326,61589,63881,125470
JAVA EN MADOERA,60,Cheribon,JAVA EN MADOERA,West Java,Cheribon,Cheribon,JAVA EN MADOERA,West Java,Cheribon,Cheribon,,,,,62608,65574,128182,916,762,1678,4571,3719,8290,856,784,1640,68951,70839,139790
JAVA EN MADOERA,58,Palimanan,JAVA EN MADOERA,West Java,Cheribon,Palimanan,JAVA EN MADOERA,West Java,Cheribon,Palimanan,,,,,39642,42127,81769,73,69,142,607,688,1295,30,25,55,40352,42909,83261
JAVA EN MADOERA,59,Ploembon,JAVA EN MADOERA,West Java,Cheribon,Ploembon,JAVA EN MADOERA,West Java,Cheribon,Ploembon,,,,,53703,56460,110163,58,44,102,597,615,1212,31,17,48,54389,57136,111525
JAVA EN MADOERA,62,Tjiledoeg,JAVA EN MADOERA,West Java,Cheribon,Tjiledoeg,JAVA EN MADOERA,West Java,Cheribon,Tjiledoeg,,,,,72653,76514,149167,103,84,187,2064,2079,4143,207,218,425,75027,78895,153922
JAVA EN MADOERA,102,Bloeboerlimbangan,JAVA EN MADOERA,West Java,Garoet,Bloeboerlimbangan,JAVA EN MADOERA,West Java,Garoet,Bloeboerlimbangan,,,,,25502,28875,54377,5,2,7,52,24,76,10,9,19,25569,28910,54479
JAVA EN MADOERA,103,Tjibatoe,JAVA EN MADOERA,West Java,Garoet,Tjibatoe,JAVA EN MADOERA,West Java,Garoet,Tjibatoe,,,,,46519,52152,98671,38,39,77,140,87,227,2,3,5,46699,52281,98980
JAVA EN MADOERA,108,Boengboelang,JAVA EN MADOERA,West Java,Garoet,Boengboelang,JAVA EN MADOERA,West Java,Garoet,Boengboelang,,,,,25573,26466,52039,31,18,49,61,31,92,0,0,0,25665,26515,52180
JAVA EN MADOERA,107,Bajongbong,JAVA EN MADOERA,West Java,Garoet,Bajongbong,JAVA EN MADOERA,West Java,Garoet,Bajongbong,,,,,45931,51901,97832,99,93,192,147,91,238,2,0,2,46179,52085,98264
JAVA EN MADOERA,104,Leles,JAVA EN MADOERA,West Java,Garoet,Leles,JAVA EN MADOERA,West Java,Garoet,Leles,,,,,29026,33621,62647,3,0,3,73,51,124,0,0,0,29102,33672,62774
JAVA EN MADOERA,109,Tjikadjang,JAVA EN MADOERA,West Java,Garoet,Tjikadjang,JAVA EN MADOERA,West Java,Garoet,Tjikadjang,,,,,23992,25811,49803,42,33,75,157,91,248,1,0,1,24192,25935,50127
JAVA EN MADOERA,106,Garoet,JAVA EN MADOERA,West Java,Garoet,Garoet,JAVA EN MADOERA,West Java,Garoet,Garoet,,,,,49032,56703,105735,272,219,491,1025,786,1811,71,54,125,50400,57762,108162
JAVA EN MADOERA,110,Pameungpeuk,JAVA EN MADOERA,West Java,Garoet,Pameungpeuk,JAVA EN MADOERA,West Java,Garoet,Pameungpeuk,,,,,16679,16575,33254,62,23,85,98,72,170,3,0,3,16842,16670,33512
JAVA EN MADOERA,105,Trogong,JAVA EN MADOERA,West Java,Garoet,Trogong,JAVA EN MADOERA,West Java,Garoet,Trogong,,,,,52070,60092,112162,18,17,35,115,66,181,5,9,14,52208,60184,112392
JAVA EN MADOERA,52,Losarang,JAVA EN MADOERA,West Java,Indramajoe,Losarang,JAVA EN MADOERA,West Java,Indramajoe,Losarang,,,,,32204,33743,65947,2,4,6,684,655,1339,57,59,116,32947,34461,67408
JAVA EN MADOERA,54,Djatibarang,JAVA EN MADOERA,West Java,Indramajoe,Djatibarang,JAVA EN MADOERA,West Java,Indramajoe,Djatibarang,,,,,53826,56781,110607,27,13,40,612,595,1207,34,21,55,54499,57410,111909
JAVA EN MADOERA,56,Karangampel,JAVA EN MADOERA,West Java,Indramajoe,Karangampel,JAVA EN MADOERA,West Java,Indramajoe,Karangampel,,,,,44303,46957,91260,7,3,10,105,76,181,17,13,30,44432,47049,91481
JAVA EN MADOERA,55,Indramajoe,JAVA EN MADOERA,West Java,Indramajoe,Indramajoe,JAVA EN MADOERA,West Java,Indramajoe,Indramajoe,,,,,25264,26994,52258,93,79,172,1083,1113,2196,203,188,391,26643,28374,55017
JAVA EN MADOERA,53,Sindang,JAVA EN MADOERA,West Java,Indramajoe,Sindang,JAVA EN MADOERA,West Java,Indramajoe,Sindang,,,,,30190,32065,62255,6,8,14,84,92,176,213,230,443,30493,32395,62888
JAVA EN MADOERA,51,Kandanghaoer,JAVA EN MADOERA,West Java,Indramajoe,Kandanghaoer,JAVA EN MADOERA,West Java,Indramajoe,Kandanghaoer,,,,,60229,59097,119326,28,9,37,800,645,1445,121,113,234,61178,59864,121042
JAVA EN MADOERA,65,Koeningan,JAVA EN MADOERA,West Java,Koeningan,Koeningan,JAVA EN MADOERA,West Java,Koeningan,Koeningan,,,,,50776,53452,104228,79,46,125,679,619,1298,87,90,177,51621,54207,105828
JAVA EN MADOERA,66,Loeragoeng,JAVA EN MADOERA,West Java,Koeningan,Loeragoeng,JAVA EN MADOERA,West Java,Koeningan,Loeragoeng,,,,,38806,40818,79624,0,0,0,249,213,462,3,4,7,39058,41035,80093
JAVA EN MADOERA,64,Tjilimoes,JAVA EN MADOERA,West Java,Koeningan,Tjilimoes,JAVA EN MADOERA,West Java,Koeningan,Tjilimoes,,,,,38466,41377,79843,87,77,164,553,559,1112,128,167,295,39234,42180,81414
JAVA EN MADOERA,63,Tjiawigebang,JAVA EN MADOERA,West Java,Koeningan,Tjiawigebang,JAVA EN MADOERA,West Java,Koeningan,Tjiawigebang,,,,,54929,59312,114241,11,10,21,996,933,1929,28,26,54,55964,60281,116245
JAVA EN MADOERA,26,Rengasdengklok,JAVA EN MADOERA,West Java,Krawang,Rengasdengklok,JAVA EN MADOERA,West Java,Krawang,Rengasdengklok,,,,,76925,76388,153313,3,1,4,1295,1176,2471,20,9,29,78243,77574,155817
JAVA EN MADOERA,31,Sagalaherang,JAVA EN MADOERA,West Java,Krawang,Sagalaherang,JAVA EN MADOERA,West Java,Krawang,Sagalaherang,,,,,42605,44940,87545,41,25,66,97,48,145,17,14,31,42760,45027,87787
JAVA EN MADOERA,29,Pagaden,JAVA EN MADOERA,West Java,Krawang,Pagaden,JAVA EN MADOERA,West Java,Krawang,Pagaden,,,,,59157,58254,117411,61,33,94,518,402,920,32,11,43,59768,58700,118468
JAVA EN MADOERA,32,Poerwakarta,JAVA EN MADOERA,West Java,Krawang,Poerwakarta,JAVA EN MADOERA,West Java,Krawang,Poerwakarta,,,,,74422,75393,149815,227,179,406,778,563,1341,290,276,566,75717,76411,152128
JAVA EN MADOERA,27,Tjikampek,JAVA EN MADOERA,West Java,Krawang,Tjikampek,JAVA EN MADOERA,West Java,Krawang,Tjikampek,,,,,82838,81724,164562,44,27,71,1353,1048,2401,14,17,31,84249,82816,167065
JAVA EN MADOERA,25,Krawang,JAVA EN MADOERA,West Java,Krawang,Krawang,JAVA EN MADOERA,West Java,Krawang,Krawang,,,,,59058,60202,119260,61,33,94,1856,1546,3402,54,48,102,61029,61829,122858
JAVA EN MADOERA,28,Pamanoekan,JAVA EN MADOERA,West Java,Krawang,Pamanoekan,JAVA EN MADOERA,West Java,Krawang,Pamanoekan,,,,,67939,66749,134688,58,25,83,651,510,1161,34,20,54,68682,67304,135986
JAVA EN MADOERA,30,Soebang,JAVA EN MADOERA,West Java,Krawang,Soebang,JAVA EN MADOERA,West Java,Krawang,Soebang,,,,,35849,34168,70017,147,92,239,316,239,555,13,4,17,36325,34503,70828
JAVA EN MADOERA,13,Paroengkoedjang,JAVA EN MADOERA,West Java,Lebak,Paroengkoedjang,JAVA EN MADOERA,West Java,Lebak,Paroengkoedjang,,,,,21670,22145,43815,8,3,11,76,37,113,0,0,0,21754,22185,43939
JAVA EN MADOERA,12,Rangkasbitoeng,JAVA EN MADOERA,West Java,Lebak,Rangkasbitoeng,JAVA EN MADOERA,West Java,Lebak,Rangkasbitoeng,,,,,42543,46615,89158,126,91,217,898,732,1630,33,20,53,43600,47458,91058
JAVA EN MADOERA,15,Tjilangkahan,JAVA EN MADOERA,West Java,Lebak,Tjilangkahan,JAVA EN MADOERA,West Java,Lebak,Tjilangkahan,,,,,33726,33707,67433,11,3,14,44,24,68,2,1,3,33783,33735,67518
JAVA EN MADOERA,14,Lebak,JAVA EN MADOERA,West Java,Lebak,Lebak,JAVA EN MADOERA,West Java,Lebak,Lebak,,,,,25741,27305,53046,36,20,56,88,67,155,1,0,1,25866,27392,53258
JAVA EN MADOERA,47,Talaga,JAVA EN MADOERA,West Java,Madjalengka,Talaga,JAVA EN MADOERA,West Java,Madjalengka,Talaga,,,,,53807,57892,111699,9,9,18,363,405,768,1,2,3,54180,58308,112488
JAVA EN MADOERA,48,Madjalengka,JAVA EN MADOERA,West Java,Madjalengka,Madjalengka,JAVA EN MADOERA,West Java,Madjalengka,Madjalengka,,,,,57288,62153,119441,126,96,222,611,577,1188,60,61,121,58085,62887,120972
JAVA EN MADOERA,49,Radjagaloeh,JAVA EN MADOERA,West Java,Madjalengka,Radjagaloeh,JAVA EN MADOERA,West Java,Madjalengka,Radjagaloeh,,,,,39256,42945,82201,40,21,61,287,270,557,27,19,46,39610,43255,82865
JAVA EN MADOERA,50,Djatiwangi,JAVA EN MADOERA,West Java,Madjalengka,Djatiwangi,JAVA EN MADOERA,West Java,Madjalengka,Djatiwangi,,,,,60325,65950,126275,50,42,92,679,568,1247,115,109,224,61169,66669,127838
JAVA EN MADOERA,21,Kebajoran,JAVA EN MADOERA,West Java,Meester Cornelis,Kebajoran,JAVA EN MADOERA,West Java,Meester Cornelis,Kebajoran,,,,,71067,74438,145505,15,17,32,1437,1256,2693,62,66,128,72581,75777,148358
JAVA EN MADOERA,24,Tjikarang,JAVA EN MADOERA,West Java,Meester Cornelis,Tjikarang,JAVA EN MADOERA,West Java,Meester Cornelis,Tjikarang,,,,,43017,44282,87299,5,2,7,2238,1906,4144,13,7,20,45273,46197,91470
JAVA EN MADOERA,23,Bekasi,JAVA EN MADOERA,West Java,Meester Cornelis,Bekasi,JAVA EN MADOERA,West Java,Meester Cornelis,Bekasi,,,,,98957,103276,202233,11,11,22,4392,3980,8372,9,9,18,103369,107276,210645
JAVA EN MADOERA,22,Meester Cornelis,JAVA EN MADOERA,West Java,Meester Cornelis,Meester Cornelis,JAVA EN MADOERA,West Java,Meester Cornelis,Meester Cornelis,,,,,104436,103414,207850,3208,2813,6021,5353,4154,9507,762,747,1509,113759,111128,224887
JAVA EN MADOERA,2,Tjaringin,JAVA EN MADOERA,West Java,Pandeglang,Tjaringin,JAVA EN MADOERA,West Java,Pandeglang,Tjaringin,,,,,26248,27022,53270,0,0,0,322,245,567,6,1,7,26576,27268,53844
JAVA EN MADOERA,3,Menes,JAVA EN MADOERA,West Java,Pandeglang,Menes,JAVA EN MADOERA,West Java,Pandeglang,Menes,,,,,32711,33835,66546,29,25,54,241,196,437,8,5,13,32989,34061,67050
JAVA EN MADOERA,1,Tjibalioeng,JAVA EN MADOERA,West Java,Pandeglang,Tjibalioeng,JAVA EN MADOERA,West Java,Pandeglang,Tjibalioeng,,,,,16526,16611,33137,2,0,2,48,36,84,0,0,0,16576,16647,33223
JAVA EN MADOERA,4,Pandeglang,JAVA EN MADOERA,West Java,Pandeglang,Pandeglang,JAVA EN MADOERA,West Java,Pandeglang,Pandeglang,,,,,46813,52235,99048,36,29,65,363,254,617,1,0,1,47213,52518,99731
JAVA EN MADOERA,9,Pamarajan,JAVA EN MADOERA,West Java,Serang,Pamarajan,JAVA EN MADOERA,West Java,Serang,Pamarajan,,,,,46782,51913,98695,3,3,6,121,108,229,10,9,19,46916,52033,98949
JAVA EN MADOERA,10,Tjiroeas,JAVA EN MADOERA,West Java,Serang,Tjiroeas,JAVA EN MADOERA,West Java,Serang,Tjiroeas,,,,,34298,37524,71822,2,3,5,127,103,230,4,2,6,34431,37632,72063
JAVA EN MADOERA,6,Tjilegon,JAVA EN MADOERA,West Java,Serang,Tjilegon,JAVA EN MADOERA,West Java,Serang,Tjilegon,,,,,37821,41353,79174,10,10,20,175,164,339,15,15,30,38021,41542,79563
JAVA EN MADOERA,8,Tjiomas,JAVA EN MADOERA,West Java,Serang,Tjiomas,JAVA EN MADOERA,West Java,Serang,Tjiomas,,,,,28355,29892,58247,8,4,12,111,92,203,1,0,1,28475,29988,58463
JAVA EN MADOERA,11,Pontang,JAVA EN MADOERA,West Java,Serang,Pontang,JAVA EN MADOERA,West Java,Serang,Pontang,,,,,34809,36967,71776,0,0,0,489,483,972,8,5,13,35306,37455,72761
JAVA EN MADOERA,7,Serang,JAVA EN MADOERA,West Java,Serang,Serang,JAVA EN MADOERA,West Java,Serang,Serang,,,,,42420,45108,87528,135,125,260,1061,808,1869,52,68,120,43668,46109,89777
JAVA EN MADOERA,5,Anjer,JAVA EN MADOERA,West Java,Serang,Anjer,JAVA EN MADOERA,West Java,Serang,Anjer,,,,,23296,23821,47117,2,2,4,171,139,310,0,0,0,23469,23962,47431
JAVA EN MADOERA,78,Tjibadak,JAVA EN MADOERA,West Java,Soekaboemi,Tjibadak,JAVA EN MADOERA,West Java,Soekaboemi,Tjibadak,,,,,52535,53914,106449,158,126,284,788,576,1364,51,41,92,53532,54657,108189
JAVA EN MADOERA,79,Soekaboemi,JAVA EN MADOERA,West Java,Soekaboemi,Soekaboemi,JAVA EN MADOERA,West Java,Soekaboemi,Soekaboemi,,,,,89458,94391,183849,1260,1246,2506,3097,2541,5638,130,101,231,93945,98279,192224
JAVA EN MADOERA,75,Djampangtengah,JAVA EN MADOERA,West Java,Soekaboemi,Djampangtengah,JAVA EN MADOERA,West Java,Soekaboemi,Djampangtengah,,,,,55253,55199,110452,127,58,185,424,257,681,0,0,0,55804,55514,111318
JAVA EN MADOERA,76,Palaboehanratoe,JAVA EN MADOERA,West Java,Soekaboemi,Palaboehanratoe,JAVA EN MADOERA,West Java,Soekaboemi,Palaboehanratoe,,,,,36246,35189,71435,117,60,177,281,172,453,0,0,0,36644,35421,72065
JAVA EN MADOERA,77,Tjitjoeroeg,JAVA EN MADOERA,West Java,Soekaboemi,Tjitjoeroeg,JAVA EN MADOERA,West Java,Soekaboemi,Tjitjoeroeg,,,,,45524,46590,92114,115,90,205,494,421,915,19,15,34,46152,47116,93268
JAVA EN MADOERA,74,Djampangkoelon,JAVA EN MADOERA,West Java,Soekaboemi,Djampangkoelon,JAVA EN MADOERA,West Java,Soekaboemi,Djampangkoelon,,,,,42427,41271,83698,42,16,58,191,138,329,1,0,1,42661,41425,84086
JAVA EN MADOERA,98,Soemadang,JAVA EN MADOERA,West Java,Soemedang,Soemadang,JAVA EN MADOERA,West Java,Soemedang,Soemedang,,,,,35558,38745,74303,81,73,154,292,238,530,20,13,33,35951,39069,75020
JAVA EN MADOERA,101,Darmaradja,JAVA EN MADOERA,West Java,Soemedang,Darmaradja,JAVA EN MADOERA,West Java,Soemedang,Darmaradja,,,,,25263,26782,52045,22,16,38,39,27,66,2,0,2,25326,26825,52151
JAVA EN MADOERA,99,Tjimalaka,JAVA EN MADOERA,West Java,Soemedang,Tjimalaka,JAVA EN MADOERA,West Java,Soemedang,Tjimalaka,,,,,33080,35412,68492,12,2,14,57,53,110,1,0,1,33150,35467,68617
JAVA EN MADOERA,100,Tomo,JAVA EN MADOERA,West Java,Soemedang,Tomo,JAVA EN MADOERA,West Java,Soemedang,Tomo,,,,,28363,29771,58134,3,5,8,28,24,52,5,0,5,28399,29800,58199
JAVA EN MADOERA,97,Tandjoengsari,JAVA EN MADOERA,West Java,Soemedang,Tandjoengsari,JAVA EN MADOERA,West Java,Soemedang,Tandjoengsari,,,,,36771,39603,76374,25,18,43,85,63,148,0,0,0,36881,39684,76565
JAVA EN MADOERA,38,Tjikatomas,JAVA EN MADOERA,West Java,Tasikmalaja,Tjikatomas,JAVA EN MADOERA,West Java,Tasikmalaja,Tjikatomas,,,,,30400,31092,61492,11,6,17,22,8,30,0,0,0,30433,31106,61539
JAVA EN MADOERA,39,Manondjaja,JAVA EN MADOERA,West Java,Tasikmalaja,Manondjaja,JAVA EN MADOERA,West Java,Tasikmalaja,Manondjaja,,,,,41020,43146,84166,9,3,12,112,73,185,0,0,0,41141,43222,84363
JAVA EN MADOERA,40,Tjidjoelang,JAVA EN MADOERA,West Java,Tasikmalaja,Tjidjoelang,JAVA EN MADOERA,West Java,Tasikmalaja,Tjidjoelang,,,,,23887,23964,47851,9,1,10,45,25,70,0,0,0,23941,23990,47931
JAVA EN MADOERA,37,Karangnoenggal,JAVA EN MADOERA,West Java,Tasikmalaja,Karangnoenggal,JAVA EN MADOERA,West Java,Tasikmalaja,Karangnoenggal,,,,,30677,31711,62388,32,19,51,61,43,104,0,0,0,30770,31773,62543
JAVA EN MADOERA,36,Tasikmalaja,JAVA EN MADOERA,West Java,Tasikmalaja,Tasikmalaja,JAVA EN MADOERA,West Java,Tasikmalaja,Tasikmalaja,,,,,55589,63179,118768,233,190,423,1393,1044,2437,76,28,104,57291,64441,121732
JAVA EN MADOERA,42,Bandjar,JAVA EN MADOERA,West Java,Tasikmalaja,Bandjar,JAVA EN MADOERA,West Java,Tasikmalaja,Bandjar,,,,,57488,56310,113798,56,34,90,458,346,804,6,3,9,58008,56693,114701
JAVA EN MADOERA,33,Taradjoe,JAVA EN MADOERA,West Java,Tasikmalaja,Taradjoe,JAVA EN MADOERA,West Java,Tasikmalaja,Taradjoe,,,,,33566,35082,68648,9,6,15,68,37,105,0,0,0,33643,35125,68768
JAVA EN MADOERA,71,Tjiawi (in TASIKMALAJA),JAVA EN MADOERA,West Java,Tasikmalaja,Tjiawi (in TASIKMALAJA),JAVA EN MADOERA,West Java,Tasikmalaja,Tjiawi,,,,,62381,71069,133450,3,5,8,199,123,322,14,5,19,62597,71202,133799
JAVA EN MADOERA,41,Pangandaran,JAVA EN MADOERA,West Java,Tasikmalaja,Pangandaran,JAVA EN MADOERA,West Java,Tasikmalaja,Pangandaran,,,,,35106,33753,68859,11,2,13,182,110,292,5,2,7,35304,33867,69171
JAVA EN MADOERA,34,Singaparna,JAVA EN MADOERA,West Java,Tasikmalaja,Singaparna,JAVA EN MADOERA,West Java,Tasikmalaja,Singaparna,,,,,57020,65108,122128,13,6,19,162,106,268,4,7,11,57199,65227,122426
JAVA EN MADOERA,43,Rantjah,JAVA EN MADOERA,West Java,Tjiamis,Rantjah,JAVA EN MADOERA,West Java,Tjiamis,Rantjah,,,,,41831,42986,84817,14,6,20,122,77,199,1,1,2,41968,43070,85038
JAVA EN MADOERA,46,Kawali,JAVA EN MADOERA,West Java,Tjiamis,Kawali,JAVA EN MADOERA,West Java,Tjiamis,Kawali,,,,,40969,42989,83958,15,7,22,73,40,113,6,2,8,41063,43038,84101
JAVA EN MADOERA,45,Pandjaloe,JAVA EN MADOERA,West Java,Tjiamis,Pandjaloe,JAVA EN MADOERA,West Java,Tjiamis,Pandjaloe,,,,,34867,38031,72898,1,0,1,58,47,105,0,0,0,34926,38078,73004
JAVA EN MADOERA,44,Tjiamis,JAVA EN MADOERA,West Java,Tjiamis,Tjiamis,JAVA EN MADOERA,West Java,Tjiamis,Tjiamis,,,,,55338,58696,114034,30,18,48,471,377,848,26,15,41,55865,59106,114971
JAVA EN MADOERA,81,Soekanagara,JAVA EN MADOERA,West Java,Tjiandjoer,Soekanagara,JAVA EN MADOERA,West Java,Tjiandjoer,Soekanagara,,,,,70981,71184,142165,132,82,214,464,251,715,7,1,8,71584,71518,143102
JAVA EN MADOERA,86,Tjikalongkoelon,JAVA EN MADOERA,West Java,Tjiandjoer,Tjikalongkoelon,JAVA EN MADOERA,West Java,Tjiandjoer,Tjikalongkoelon,,,,,25637,26554,52191,29,21,50,114,57,171,2,3,5,25782,26635,52417
JAVA EN MADOERA,83,Patjet,JAVA EN MADOERA,West Java,Tjiandjoer,Patjet,JAVA EN MADOERA,West Java,Tjiandjoer,Patjet,,,,,40214,41669,81883,124,134,258,200,137,337,15,12,27,40553,41952,82505
JAVA EN MADOERA,82,Tjibeber,JAVA EN MADOERA,West Java,Tjiandjoer,Tjibeber,JAVA EN MADOERA,West Java,Tjiandjoer,Tjibeber,,,,,43666,45700,89366,23,18,41,372,294,666,11,3,14,44072,46015,90087
JAVA EN MADOERA,85,Tjirandjang,JAVA EN MADOERA,West Java,Tjiandjoer,Tjirandjang,JAVA EN MADOERA,West Java,Tjiandjoer,Tjirandjang,,,,,20304,19931,40235,23,16,39,139,110,249,5,1,6,20471,20058,40529
JAVA EN MADOERA,80,Sindangbarang,JAVA EN MADOERA,West Java,Tjiandjoer,Sindangbarang,JAVA EN MADOERA,West Java,Tjiandjoer,Sindangbarang,,,,,31507,30859,62366,59,30,89,70,27,97,0,0,0,31636,30916,62552
JAVA EN MADOERA,84,Tjiandjoer,JAVA EN MADOERA,West Java,Tjiandjoer,Tjiandjoer,JAVA EN MADOERA,West Java,Tjiandjoer,Tjiandjoer,,,,,27162,28628,55790,118,100,218,1193,961,2154,98,71,169,28571,29760,58331
GOUVT. ATJEH EN ONDERHOORIGHEDEN,17,Alaslanden,SUMATRA,Govern. ATJEH EN ONDERH,Div. GAJO EN ALASLANDEN,Alaslanden,SUMATRA,,,,,Govern. ATJEH EN ONDERH,Div. GAJO EN ALASLANDEN,Alaslanden,9675,9918,19593,26,13,39,374,104,478,8,1,9,10083,10036,20119
GOUVT. ATJEH EN ONDERHOORIGHEDEN,15,Serbendjadi,SUMATRA,Govern. ATJEH EN ONDERH,Div. GAJO EN ALASLANDEN,Serbendjadi,SUMATRA,,,,,Govern. ATJEH EN ONDERH,Div. GAJO EN ALASLANDEN,Serbeudjadi,1879,1815,3694,14,5,19,50,24,74,6,0,6,1949,1844,3793
GOUVT. ATJEH EN ONDERHOORIGHEDEN,14,Takingeun,SUMATRA,Govern. ATJEH EN ONDERH,Div. GAJO EN ALASLANDEN,Takingeun,SUMATRA,,,,,Govern. ATJEH EN ONDERH,Div. GAJO EN ALASLANDEN,Takingeun,14222,14331,28553,40,26,66,276,114,390,23,19,42,14561,14490,29051
GOUVT. ATJEH EN ONDERHOORIGHEDEN,16,Gajo Loeös,SUMATRA,Govern. ATJEH EN ONDERH,Div. GAJO EN ALASLANDEN,Gajo Loeös,SUMATRA,,,,,Govern. ATJEH EN ONDERH,Div. GAJO EN ALASLANDEN,Gajo Loeös,11353,11901,23254,18,16,34,58,30,88,3,7,10,11432,11954,23386
GOUVT. ATJEH EN ONDERHOORIGHEDEN,3,Lho'nga,SUMATRA,Govern. ATJEH EN ONDERH,Div. GROOTATJEH,Lho'nga,SUMATRA,,,,,Govern. ATJEH EN ONDERH,Div. GROOTATJEH,Lho'nga,25875,25547,51422,14,9,23,111,33,144,3,0,3,26003,25589,51592
GOUVT. ATJEH EN ONDERHOORIGHEDEN,4,Seulimeum,SUMATRA,Govern. ATJEH EN ONDERH,Div. GROOTATJEH,Seulimeum,SUMATRA,,,,,Govern. ATJEH EN ONDERH,Div. GROOTATJEH,Seulimeum,21741,22517,44258,27,17,44,221,132,353,5,7,12,21994,22673,44667
GOUVT. ATJEH EN ONDERHOORIGHEDEN,2,Koetaradja,SUMATRA,Govern. ATJEH EN ONDERH,Div. GROOTATJEH,Koetaradja,SUMATRA,,,,,Govern. ATJEH EN ONDERH,Div. GROOTATJEH,Koetaradja,11263,10314,21577,647,586,1233,2367,1395,3762,270,140,410,14547,12435,26982
GOUVT. ATJEH EN ONDERHOORIGHEDEN,1,Sabang,SUMATRA,Govern. ATJEH EN ONDERH,Div. GROOTATJEH,Sabang,SUMATRA,,,,,Govern. ATJEH EN ONDERH,Div. GROOTATJEH,Sabang,4348,2295,6643,159,130,289,1177,423,1600,144,30,174,5828,2878,8706
GOUVT. ATJEH EN ONDERHOORIGHEDEN,10,Lho'soekon,SUMATRA,Govern. ATJEH EN ONDERH,Div. NOORDKUST VAN ATJEH,Lho'soekon,SUMATRA,,,,,Govern. ATJEH EN ONDERH,Div. NOORDKUST VAN ATJEH,Lho 'soekon,36001,34633,70634,46,29,75,514,259,773,14,5,19,36575,34926,71501
GOUVT. ATJEH EN ONDERHOORIGHEDEN,8,Bireuën,SUMATRA,Govern. ATJEH EN ONDERH,Div. NOORDKUST VAN ATJEH,Bireuën,SUMATRA,,,,,Govern. ATJEH EN ONDERH,Div. NOORDKUST VAN ATJEH,Bireuën,51522,50633,102155,37,22,59,766,434,1200,62,47,109,52387,51136,103523
GOUVT. ATJEH EN ONDERHOORIGHEDEN,9,Lho'seumawé,SUMATRA,Govern. ATJEH EN ONDERH,Div. NOORDKUST VAN ATJEH,Lho'seumawé,SUMATRA,,,,,Govern. ATJEH EN ONDERH,Div. NOORDKUST VAN ATJEH,Lho 'seumawé,34457,34149,68606,73,62,135,825,451,1276,172,134,306,35527,34796,70323
GOUVT. ATJEH EN ONDERHOORIGHEDEN,13,Tamiang,SUMATRA,Govern. ATJEH EN ONDERH,Div. OOSTKUST VAN ATJEH,Tamiang,SUMATRA,,,,,Govern. ATJEH EN ONDERH,Div. OOSTKUST VAN ATJEH,Tamiang,21947,17514,39461,154,93,247,2185,957,3142,212,137,349,24498,18701,43199
GOUVT. ATJEH EN ONDERHOORIGHEDEN,11,Idi,SUMATRA,Govern. ATJEH EN ONDERH,Div. OOSTKUST VAN ATJEH,Idi,SUMATRA,,,,,Govern. ATJEH EN ONDERH,Div. OOSTKUST VAN ATJEH,Idi,25881,23025,48906,27,21,48,572,321,893,43,40,83,26523,23407,49930
GOUVT. ATJEH EN ONDERHOORIGHEDEN,12,Langsa,SUMATRA,Govern. ATJEH EN ONDERH,Div. OOSTKUST VAN ATJEH,Langsa,SUMATRA,,,,,Govern. ATJEH EN ONDERH,Div. OOSTKUST VAN ATJEH,Langsa,22432,17433,39865,228,177,405,2522,1220,3742,179,80,259,25361,18910,44271
GOUVT. ATJEH EN ONDERHOORIGHEDEN,5,Sigli,SUMATRA,Govern. ATJEH EN ONDERH,Div. PIDIË,Sigli,SUMATRA,,,,,Govern. ATJEH EN ONDERH,Div. PIDIË,Sigli,63946,68155,132101,97,84,181,884,468,1352,75,32,107,65002,68739,133741
GOUVT. ATJEH EN ONDERHOORIGHEDEN,6,Lammeulo,SUMATRA,Govern. ATJEH EN ONDERH,Div. PIDIË,Lammeulo,SUMATRA,,,,,Govern. ATJEH EN ONDERH,Div. PIDIË,Lammeulo,12619,13010,25629,29,26,55,278,103,381,13,12,25,12939,13151,26090
GOUVT. ATJEH EN ONDERHOORIGHEDEN,7,Meureudoe,SUMATRA,Govern. ATJEH EN ONDERH,Div. PIDIË,Meureudoe,SUMATRA,,,,,Govern. ATJEH EN ONDERH,Div. PIDIË,Meureudoe,14047,14265,28312,10,8,18,121,66,187,15,9,24,14193,14348,28541
GOUVT. ATJEH EN ONDERHOORIGHEDEN,19,Meulaboh,SUMATRA,Govern. ATJEH EN ONDERH,Div. WESTKUST VAN ATJEH,Meulaboh,SUMATRA,,,,,Govern. ATJEH EN ONDERH,Div. WESTKUST VAN ATJEH,Meulaboh,35461,33733,69194,70,30,100,765,301,1066,41,29,70,36337,34093,70430
GOUVT. ATJEH EN ONDERHOORIGHEDEN,18,Tjalang,SUMATRA,Govern. ATJEH EN ONDERH,Div. WESTKUST VAN ATJEH,Tjalang,SUMATRA,,,,,Govern. ATJEH EN ONDERH,Div. WESTKUST VAN ATJEH,Tjalang,10873,10123,20996,17,11,28,124,38,162,1,1,2,11015,10173,21188
GOUVT. ATJEH EN ONDERHOORIGHEDEN,23,Simeuloeë,SUMATRA,Govern. ATJEH EN ONDERH,Div. WESTKUST VAN ATJEH,Simeuloeë,SUMATRA,,,,,Govern. ATJEH EN ONDERH,Div. WESTKUST VAN ATJEH,Simeuloeë,9893,9264,19157,4,0,4,89,47,136,2,3,5,9988,9314,19302
GOUVT. ATJEH EN ONDERHOORIGHEDEN,20,Tapa toean,SUMATRA,Govern. ATJEH EN ONDERH,Div. WESTKUST VAN ATJEH,Tapa toean,SUMATRA,,,,,Govern. ATJEH EN ONDERH,Div. WESTKUST VAN ATJEH,Tapa 'toean,32166,32043,64209,33,25,58,232,151,383,22,13,35,32453,32232,64685
GOUVT. ATJEH EN ONDERHOORIGHEDEN,22,Singkel,SUMATRA,Govern. ATJEH EN ONDERH,Div. WESTKUST VAN ATJEH,Singkel,SUMATRA,,,,,Govern. ATJEH EN ONDERH,Div. WESTKUST VAN ATJEH,Singkel,11699,11010,22709,27,16,43,85,54,139,1,4,5,11812,11084,22896
GOUVT. ATJEH EN ONDERHOORIGHEDEN,21,Zuidelijke Atjeh landschappen,SUMATRA,Govern. ATJEH EN ONDERH,Div. WESTKUST VAN ATJEH,Zuidelijke Atjeh landschappen,SUMATRA,,,,,Govern. ATJEH EN ONDERH,Div. WESTKUST VAN ATJEH,Zuidelijke Atjeh Landschappen,12540,12477,25017,23,18,41,50,24,74,8,6,14,12621,12525,25146
GOUVT. OOSTKUST VAN SUMATRA,11,Laboehanbatoe,SUMATRA,Govern. OOSTKUST VAN SUMATRA,Div. ASAHAN,Laboehanbatoe,SUMATRA,,,,,Govern. OOSTKUST VAN SUMATRA,Div. ASAHAN,Labochanbatoe,69391,54986,124377,307,186,493,8161,2381,10542,244,113,357,78103,57666,135769
GOUVT. OOSTKUST VAN SUMATRA,9,Batoebara,SUMATRA,Govern. OOSTKUST VAN SUMATRA,Div. ASAHAN,Batoebara,SUMATRA,,,,,Govern. OOSTKUST VAN SUMATRA,Div. ASAHAN,Batoebara,31947,27752,59699,124,67,191,2482,1226,3708,285,169,454,34838,29214,64052
GOUVT. OOSTKUST VAN SUMATRA,10,Asahan,SUMATRA,Govern. OOSTKUST VAN SUMATRA,Div. ASAHAN,Asahan,SUMATRA,,,,,Govern. OOSTKUST VAN SUMATRA,Div. ASAHAN,Asahan,66912,57924,124836,399,278,677,6818,2907,9725,631,325,956,74760,61434,136194
GOUVT. OOSTKUST VAN SUMATRA,13,Rokan,SUMATRA,Govern. OOSTKUST VAN SUMATRA,Div. BENGKALIS,Rokan,SUMATRA,,,,,Govern. OOSTKUST VAN SUMATRA,Div. BENGKALIS,Rokan,13970,14206,28176,2,2,4,24,6,30,224,189,413,14220,14403,28623
GOUVT. OOSTKUST VAN SUMATRA,15,Siak,SUMATRA,Govern. OOSTKUST VAN SUMATRA,Div. BENGKALIS,Siak,SUMATRA,,,,,Govern. OOSTKUST VAN SUMATRA,Div. BENGKALIS,Siak,14288,13590,27878,50,35,85,868,468,1336,60,37,97,15266,14130,29396
GOUVT. OOSTKUST VAN SUMATRA,14,Bengkalis,SUMATRA,Govern. OOSTKUST VAN SUMATRA,Div. BENGKALIS,Bengkalis,SUMATRA,,,,,Govern. OOSTKUST VAN SUMATRA,Div. BENGKALIS,Bengkalis,29748,29495,59243,62,40,102,10351,6077,16428,178,108,286,40339,35720,76059
GOUVT. OOSTKUST VAN SUMATRA,12,Bagan-Si api-api,SUMATRA,Govern. OOSTKUST VAN SUMATRA,Div. BENGKALIS,Bagan-Si api-api,SUMATRA,,,,,Govern. OOSTKUST VAN SUMATRA,Div. BENGKALIS,Bagan-Si api-api,13734,13495,27229,16,12,28,9999,6376,16375,37,13,50,23786,19896,43682
GOUVT. OOSTKUST VAN SUMATRA,16,Kamparkiri,SUMATRA,Govern. OOSTKUST VAN SUMATRA,Div. BENGKALIS,Kamparkiri,SUMATRA,,,,,Govern. OOSTKUST VAN SUMATRA,Div. BENGKALIS,Kamparkiri,8435,8325,16760,2,2,4,13,10,23,0,0,0,8450,8337,16787
GOUVT. OOSTKUST VAN SUMATRA,5,Serdang,SUMATRA,Govern. OOSTKUST VAN SUMATRA,Div. DELI EN SERDANG,Serdang,SUMATRA,,,,,Govern. OOSTKUST VAN SUMATRA,Div. DELI EN SERDANG,Serdang,67475,62573,130048,354,242,596,12698,4885,17583,817,491,1308,81344,68191,149535
GOUVT. OOSTKUST VAN SUMATRA,3,Beneden Deli,SUMATRA,Govern. OOSTKUST VAN SUMATRA,Div. DELI EN SERDANG,Beneden Deli,SUMATRA,,,,,Govern. OOSTKUST VAN SUMATRA,Div. DELI EN SERDANG,Beneden Deli,83043,78158,161201,2711,2302,5013,34679,16157,50836,4240,2400,6640,124673,99017,223690
GOUVT. OOSTKUST VAN SUMATRA,6,Padang en Bedagai,SUMATRA,Govern. OOSTKUST VAN SUMATRA,Div. DELI EN SERDANG,Padang en Bedagai,SUMATRA,,,,,Govern. OOSTKUST VAN SUMATRA,Div. DELI EN SERDANG,Padang en Bedagai,49313,42563,91876,330,227,557,11069,4485,15554,581,313,894,61293,47588,108881
GOUVT. OOSTKUST VAN SUMATRA,4,Boven Deli,SUMATRA,Govern. OOSTKUST VAN SUMATRA,Div. DELI EN SERDANG,Boven Deli,SUMATRA,,,,,Govern. OOSTKUST VAN SUMATRA,Div. DELI EN SERDANG,Boven Deli,24873,23601,48474,81,60,141,4073,694,4767,339,176,515,29366,24531,53897
GOUVT. OOSTKUST VAN SUMATRA,1,Beneden Langkat,SUMATRA,Govern. OOSTKUST VAN SUMATRA,Div. LANGKAT,Beneden Langkat,SUMATRA,,,,,Govern. OOSTKUST VAN SUMATRA,Div. LANGKAT,Beneden Langkat,62669,54588,117257,521,352,873,10551,4594,15145,1890,1371,3261,75631,60905,136536
GOUVT. OOSTKUST VAN SUMATRA,2,Boven Langkat,SUMATRA,Govern. OOSTKUST VAN SUMATRA,Div. LANGKAT,Boven Langkat,SUMATRA,,,,,Govern. OOSTKUST VAN SUMATRA,Div. LANGKAT,Boven Langkat,52505,48095,100600,270,181,451,11516,3631,15147,1380,758,2138,65671,52665,118336
GOUVT. OOSTKUST VAN SUMATRA,7,de Karolanden,SUMATRA,Govern. OOSTKUST VAN SUMATRA,Div. SIMELOENGOEN EN DE KAROLANDEN,de Karolanden,SUMATRA,,,,,Govern. OOSTKUST VAN SUMATRA,Div. SIMELOENGOEN EN DE KAROLANDEN,de Karolanden,41076,43399,84475,164,138,302,1041,535,1576,78,31,109,42359,44103,86462
GOUVT. OOSTKUST VAN SUMATRA,8,Simeloengoen,SUMATRA,Govern. OOSTKUST VAN SUMATRA,Div. SIMELOENGOEN EN DE KAROLANDEN,Simeloengoen,SUMATRA,,,,,Govern. OOSTKUST VAN SUMATRA,Div. SIMELOENGOEN EN DE KAROLANDEN,Simeloengoen,140479,127787,268266,907,655,1562,9802,4245,14047,969,457,1426,152157,133144,285301
BANGKA EN ONDERHOORIGHEDEN,3,Muntok,SUMATRA,Rsdcy. BANGKA EN ONDERH,Div. BANGKA,Muntok,SUMATRA,,,,Rsdcy. BANGKA EN ONDERH,,Div. BANGKA,Muntok,11328,10395,21723,153,158,311,6830,2308,9138,90,83,173,18401,12944,31345
BANGKA EN ONDERHOORIGHEDEN,1,Noord-Bangka,SUMATRA,Rsdcy. BANGKA EN ONDERH,Div. BANGKA,Noord-Bangka,SUMATRA,,,,Rsdcy. BANGKA EN ONDERH,,Div. BANGKA,Noord-Bangka,5600,5432,11032,125,97,222,16817,8116,24933,32,44,76,22574,13689,36263
BANGKA EN ONDERHOORIGHEDEN,4,Pangkalpinang,SUMATRA,Rsdcy. BANGKA EN ONDERH,Div. BANGKA,Pangkalpinang,SUMATRA,,,,Rsdcy. BANGKA EN ONDERH,,Div. BANGKA,Pangkalpinang,15558,15126,30684,143,126,269,14285,6601,20886,29,25,54,30015,21878,51893
BANGKA EN ONDERHOORIGHEDEN,2,Soengailiat,SUMATRA,Rsdcy. BANGKA EN ONDERH,Div. BANGKA,Soengailiat,SUMATRA,,,,Rsdcy. BANGKA EN ONDERH,,Div. BANGKA,Soengailiat,8730,8543,17273,61,51,112,20290,10562,30852,34,45,79,29115,19201,48316
BANGKA EN ONDERHOORIGHEDEN,5,Zuid-Bangka,SUMATRA,Rsdcy. BANGKA EN ONDERH,Div. BANGKA,Zuid-Bangka,SUMATRA,,,,Rsdcy. BANGKA EN ONDERH,,Div. BANGKA,Zuid-Bangka,13726,13326,27052,44,33,77,7993,2296,10289,62,66,128,21825,15721,37546
BANGKA EN ONDERHOORIGHEDEN,6,Billiton,SUMATRA,Rsdcy. BANGKA EN ONDERH,Div. BILLITON,Billiton,SUMATRA,,,,Rsdcy. BANGKA EN ONDERH,,Div. BILLITON,Billiton,22149,21947,44096,356,297,653,22591,6023,28614,41,25,66,45137,28292,73429
BENGKOELEN,1,Moeko-moeko,SUMATRA,Rsdcy. BENGKOELEN,Div. BANGKA,Moeko-moeko,SUMATRA,,,,Rsdcy. BENGKOELEN,,Div. BANGKA,Moeko-Moeko,9383,9893,19276,7,1,8,13,10,23,1,1,2,9404,9905,19309
BENGKOELEN,8,Kaoer,SUMATRA,Rsdcy. BENGKOELEN,Div. BANGKA,Kaoer,SUMATRA,,,,Rsdcy. BENGKOELEN,,Div. BANGKA,Kaoer,10854,10813,21667,1,1,2,117,122,239,13,13,26,10985,10949,21934
BENGKOELEN,7,Mana,SUMATRA,Rsdcy. BENGKOELEN,Div. BANGKA,Mana,SUMATRA,,,,Rsdcy. BENGKOELEN,,Div. BANGKA,Mana,23648,23244,46892,12,16,28,167,146,313,13,9,22,23840,23415,47255
BENGKOELEN,6,Seloema,SUMATRA,Rsdcy. BENGKOELEN,Div. BANGKA,Seloema,SUMATRA,,,,Rsdcy. BENGKOELEN,,Div. BANGKA,Seloema,19308,18905,38213,2,1,3,107,25,132,0,0,0,19417,18931,38348
BENGKOELEN,9,Kroë,SUMATRA,Rsdcy. BENGKOELEN,Div. BANGKA,Kroë,SUMATRA,,,,Rsdcy. BENGKOELEN,,Div. BANGKA,Kroë,21949,21293,43242,8,3,11,410,231,641,54,42,96,22421,21569,43990
BENGKOELEN,5,Bengkoelen,SUMATRA,Rsdcy. BENGKOELEN,Div. BANGKA,Bengkoelen,SUMATRA,,,,Rsdcy. BENGKOELEN,,Div. BANGKA,Bengkoelen,17711,17375,35086,129,121,250,771,599,1370,43,26,69,18654,18121,36775
BENGKOELEN,3,Redjang,SUMATRA,Rsdcy. BENGKOELEN,Div. BANGKA,Redjang,SUMATRA,,,,Rsdcy. BENGKOELEN,,Div. BANGKA,Redjang,31859,28390,60249,105,70,175,1106,640,1746,27,12,39,33097,29112,62209
BENGKOELEN,2,Lebong,SUMATRA,Rsdcy. BENGKOELEN,Div. BANGKA,Lebong,SUMATRA,,,,Rsdcy. BENGKOELEN,,Div. BANGKA,Lebong,12218,9879,22097,125,74,199,632,330,962,28,16,44,13003,10299,23302
BENGKOELEN,4,Lais,SUMATRA,Rsdcy. BENGKOELEN,Div. BANGKA,Lais,SUMATRA,,,,Rsdcy. BENGKOELEN,,Div. BANGKA,Lais,15690,13900,29590,57,38,95,218,72,290,13,13,26,15978,14023,30001
DJAMBI,4,Moearaboengo,SUMATRA,Rsdcy. DJAMBI,Div. PALEMBANGSCHE BENEDENLANDEN,Moearaboengo,SUMATRA,,,,Rsdcy. DJAMBI,,Div. PALEMBANGSCHE BENEDENLANDEN,Moearaboengo,18371,17497,35868,8,5,13,351,93,444,24,17,41,18754,17612,36366
DJAMBI,2,Moearatembesi,SUMATRA,Rsdcy. DJAMBI,Div. PALEMBANGSCHE BENEDENLANDEN,Moearatembesi,SUMATRA,,,,Rsdcy. DJAMBI,,Div. PALEMBANGSCHE BENEDENLANDEN,Moearatembesi,14526,13228,27754,55,35,90,811,333,1144,39,21,60,15431,13617,29048
DJAMBI,5,Bangko,SUMATRA,Rsdcy. DJAMBI,Div. PALEMBANGSCHE BENEDENLANDEN,Bangko,SUMATRA,,,,Rsdcy. DJAMBI,,Div. PALEMBANGSCHE BENEDENLANDEN,Bangko,17095,17379,34474,7,1,8,125,27,152,8,3,11,17235,17410,34645
DJAMBI,1,Djambi,SUMATRA,Rsdcy. DJAMBI,Div. PALEMBANGSCHE BENEDENLANDEN,Djambi,SUMATRA,,,,Rsdcy. DJAMBI,,Div. PALEMBANGSCHE BENEDENLANDEN,Djambi,40881,37006,77887,169,136,305,4135,2268,6403,676,533,1209,45861,39943,85804
DJAMBI,3,Moearatebo,SUMATRA,Rsdcy. DJAMBI,Div. PALEMBANGSCHE BENEDENLANDEN,Moearatebo,SUMATRA,,,,Rsdcy. DJAMBI,,Div. PALEMBANGSCHE BENEDENLANDEN,Moearatebo,13434,12951,26385,25,11,36,271,75,346,9,6,15,13739,13043,26782
DJAMBI,6,Sarolangoen,SUMATRA,Rsdcy. DJAMBI,Div. PALEMBANGSCHE BENEDENLANDEN,Sarolangoen,SUMATRA,,,,Rsdcy. DJAMBI,,Div. PALEMBANGSCHE BENEDENLANDEN,Sarolangoen,16079,16086,32165,26,17,43,266,88,354,37,28,65,16408,16219,32627
LAMPONGSCHE DISTRICTEN,5,Teloekbetoeng,SUMATRA,Rsdcy. LAMPONGSCHE DISTR.,Div. BANGKA,Teloekbetoeng,SUMATRA,,,,Rsdcy. LAMPONGSCHE DISTR.,,Div. BANGKA,Teloekbetoeng,71380,68041,139421,384,394,678,3458,1996,5454,242,127,369,75464,70458,145922
LAMPONGSCHE DISTRICTEN,1,Menggala,SUMATRA,Rsdcy. LAMPONGSCHE DISTR.,Div. BANGKA,Menggala,SUMATRA,,,,Rsdcy. LAMPONGSCHE DISTR.,,Div. BANGKA,Menggala,17585,17675,35260,6,2,8,76,51,127,12,16,28,17679,17744,35423
LAMPONGSCHE DISTRICTEN,4,Soekadana (in LAMPONGSCHE DISTRICTEN),SUMATRA,Rsdcy. LAMPONGSCHE DISTR.,Div. BANGKA,Soekadana (in LAMPONGSCHE DISTRICTEN),SUMATRA,,,,Rsdcy. LAMPONGSCHE DISTR.,,Div. BANGKA,Soekadana,25312,24346,49658,16,14,30,575,279,854,29,16,45,25932,24655,50587
LAMPONGSCHE DISTRICTEN,3,Kota'agoeng,SUMATRA,Rsdcy. LAMPONGSCHE DISTR.,Div. BANGKA,Kota'agoeng,SUMATRA,,,,Rsdcy. LAMPONGSCHE DISTR.,,Div. BANGKA,Kota 'agoeng,23647,23130,46777,82,50,132,678,393,1071,2,0,2,24409,23573,47982
LAMPONGSCHE DISTRICTEN,2,Kotaboemi,SUMATRA,Rsdcy. LAMPONGSCHE DISTR.,Div. BANGKA,Kotaboemi,SUMATRA,,,,Rsdcy. LAMPONGSCHE DISTR.,,Div. BANGKA,Kotaboemi,41086,39176,80262,26,14,40,873,459,1332,9,6,15,41994,39655,81649
PALEMBANG,13,Komering-hoeloe,SUMATRA,Rsdcy. PALEMBANG,Div. OGAN KOMERINGHOELOE,Komering-hoeloe,SUMATRA,,,,Rsdcy. PALEMBANG,,Div. OGAN KOMERINGHOELOE,Komering-hoeloe,34366,35779,70145,11,6,17,117,62,179,15,7,22,34509,35854,70363
PALEMBANG,12,Moearadoea,SUMATRA,Rsdcy. PALEMBANG,Div. OGAN KOMERINGHOELOE,Moearadoea,SUMATRA,,,,Rsdcy. PALEMBANG,,Div. OGAN KOMERINGHOELOE,Moearadoea,26575,26012,52587,32,15,47,493,369,862,10,3,13,27110,26399,53509
PALEMBANG,14,Ogan-hoeloe,SUMATRA,Rsdcy. PALEMBANG,Div. OGAN KOMERINGHOELOE,Ogan-hoeloe,SUMATRA,,,,Rsdcy. PALEMBANG,,Div. OGAN KOMERINGHOELOE,Ogan-hoeloe,41800,42353,84153,52,31,83,360,232,592,20,8,28,42232,42624,84856
PALEMBANG,5,Ogan-hilir,SUMATRA,Rsdcy. PALEMBANG,Div. PALEMBANGSCHE BENEDENLANDEN,Ogan-hilir,SUMATRA,,,,Rsdcy. PALEMBANG,,Div. PALEMBANGSCHE BENEDENLANDEN,Ogan-hilir,70845,73134,143979,24,17,41,199,87,286,35,28,63,71103,73266,144369
PALEMBANG,1,Rawas,SUMATRA,Rsdcy. PALEMBANG,Div. PALEMBANGSCHE BENEDENLANDEN,Rawas,SUMATRA,,,,Rsdcy. PALEMBANG,,Div. PALEMBANGSCHE BENEDENLANDEN,Rawas,18387,18103,36490,2,0,2,61,24,85,11,8,19,18461,18135,36596
PALEMBANG,3,Banjoeasin en Koeboestreken,SUMATRA,Rsdcy. PALEMBANG,Div. PALEMBANGSCHE BENEDENLANDEN,Banjoeasin en Koeboestreken,SUMATRA,,,,Rsdcy. PALEMBANG,,Div. PALEMBANGSCHE BENEDENLANDEN,Banjoeasin en Koeboestreken,33082,31263,64345,285,115,400,1446,288,1734,240,14,254,35053,31680,66733
PALEMBANG,6,Komering-hilir,SUMATRA,Rsdcy. PALEMBANG,Div. PALEMBANGSCHE BENEDENLANDEN,Komering-hilir,SUMATRA,,,,Rsdcy. PALEMBANG,,Div. PALEMBANGSCHE BENEDENLANDEN,Komering-hilir,55861,57039,112900,6,7,13,126,58,184,28,17,45,56021,57121,113142
PALEMBANG,4,Palembang,SUMATRA,Rsdcy. PALEMBANG,Div. PALEMBANGSCHE BENEDENLANDEN,Palembang,SUMATRA,,,,Rsdcy. PALEMBANG,,Div. PALEMBANGSCHE BENEDENLANDEN,Palembang,44009,43566,87575,1067,829,1896,9764,6076,15840,1972,1904,3876,58612,52375,110987
PALEMBANG,2,Moesi-hilir,SUMATRA,Rsdcy. PALEMBANG,Div. PALEMBANGSCHE BENEDENLANDEN,Moesi-hilir,SUMATRA,,,,Rsdcy. PALEMBANG,,Div. PALEMBANGSCHE BENEDENLANDEN,Moesi-hilir,43773,42449,86222,129,71,200,639,178,817,48,4,52,44589,42702,87291
PALEMBANG,7,Moesi-hoeloe,SUMATRA,Rsdcy. PALEMBANG,Div. PALEMBANGSCHE BOVENLANDEN,Moesi-hoeloe,SUMATRA,,,,Rsdcy. PALEMBANG,,Div. PALEMBANGSCHE BOVENLANDEN,Moesi-hoeloe,21571,20349,41920,37,20,57,194,62,256,3,4,7,21805,20435,42240
PALEMBANG,11,Lematang-hoeloe,SUMATRA,Rsdcy. PALEMBANG,Div. PALEMBANGSCHE BOVENLANDEN,Lematang-hoeloe,SUMATRA,,,,Rsdcy. PALEMBANG,,Div. PALEMBANGSCHE BOVENLANDEN,Lematang-hoeloe,28542,25027,53569,198,148,346,713,411,1124,113,14,127,29566,25600,55166
PALEMBANG,8,Tebingtinggi,SUMATRA,Rsdcy. PALEMBANG,Div. PALEMBANGSCHE BOVENLANDEN,Tebingtinggi,SUMATRA,,,,Rsdcy. PALEMBANG,,Div. PALEMBANGSCHE BOVENLANDEN,Tebingtinggi,30629,29377,60006,46,31,77,221,144,365,42,4,46,30938,29556,60494
PALEMBANG,10,Lematang-hilir,SUMATRA,Rsdcy. PALEMBANG,Div. PALEMBANGSCHE BOVENLANDEN,Lematang-hilir,SUMATRA,,,,Rsdcy. PALEMBANG,,Div. PALEMBANGSCHE BOVENLANDEN,Lematang-hilir,55879,53803,109682,278,217,495,2016,933,2949,127,22,149,58300,54975,113275
PALEMBANG,9,Pasemahlanden,SUMATRA,Rsdcy. PALEMBANG,Div. PALEMBANGSCHE BOVENLANDEN,Pasemahlanden,SUMATRA,,,,Rsdcy. PALEMBANG,,Div. PALEMBANGSCHE BOVENLANDEN,Pasemahlanden,30230,30314,60544,74,49,123,540,263,803,28,6,34,30872,30632,61504
RIOUW EN ONDERHOORIGHEDEN,3,Inderagirische Benedenlanden,SUMATRA,Rsdcy. RIOUW EN ONDERH,Div. INDERAGIRI,Inderagirische Benedenlanden,SUMATRA,,,,Rsdcy. RIOUW EN ONDERH,,Div. INDERAGIRI,Inderagirische Benedenlanden,33427,32481,65908,18,5,23,2367,560,2927,101,14,115,35913,33060,68973
RIOUW EN ONDERHOORIGHEDEN,1,Koeantandistricten,SUMATRA,Rsdcy. RIOUW EN ONDERH,Div. INDERAGIRI,Koeantandistricten,SUMATRA,,,,Rsdcy. RIOUW EN ONDERH,,Div. INDERAGIRI,Koeantandistricten,23813,24365,48178,7,6,13,389,101,490,14,10,24,24223,24482,48705
RIOUW EN ONDERHOORIGHEDEN,2,Inderagirische Bovenlanden,SUMATRA,Rsdcy. RIOUW EN ONDERH,Div. INDERAGIRI,Inderagirische Bovenlanden,SUMATRA,,,,Rsdcy. RIOUW EN ONDERH,,Div. INDERAGIRI,Inderagirische Bovenlanden,22149,21968,44117,55,27,82,1091,328,1419,42,11,53,23337,22334,45671
RIOUW EN ONDERHOORIGHEDEN,4,Lingga,SUMATRA,Rsdcy. RIOUW EN ONDERH,Div. TANDJOENGPINANG,Lingga,SUMATRA,,,,Rsdcy. RIOUW EN ONDERH,,Div. TANDJOENGPINANG,Lingga,11930,12560,24490,66,37,103,4220,1410,5630,160,141,301,16376,14148,30524
RIOUW EN ONDERHOORIGHEDEN,5,Karimoen,SUMATRA,Rsdcy. RIOUW EN ONDERH,Div. TANDJOENGPINANG,Karimoen,SUMATRA,,,,Rsdcy. RIOUW EN ONDERH,,Div. TANDJOENGPINANG,Karimoen,11490,11710,23200,31,16,47,8820,3068,11888,116,53,169,20457,14847,35304
RIOUW EN ONDERHOORIGHEDEN,7,Poelautoedjoeh,SUMATRA,Rsdcy. RIOUW EN ONDERH,Div. TANDJOENGPINANG,Poelautoedjoeh,SUMATRA,,,,Rsdcy. RIOUW EN ONDERH,,Div. TANDJOENGPINANG,Poelautoedjoeh,12937,12270,25207,7,4,11,1164,778,1942,21,22,43,14129,13074,27203
RIOUW EN ONDERHOORIGHEDEN,6,Tandjoengpinang,SUMATRA,Rsdcy. RIOUW EN ONDERH,Div. TANDJOENGPINANG,Tandjoengpinang,SUMATRA,,,,Rsdcy. RIOUW EN ONDERH,,Div. TANDJOENGPINANG,Tandjoengpinang,13622,12717,26339,202,132,334,10745,4043,14788,337,47,384,24906,16939,41845
TAPANOELI,4,Toba,SUMATRA,Rsdcy. TAPANOELI,Div. BATAKLANDEN,Toba,SUMATRA,,,,Rsdcy. TAPANOELI,,Div. BATAKLANDEN,Toba,65985,69090,135075,47,51,98,104,68,172,6,11,17,66142,69220,135362
TAPANOELI,2,Samosir,SUMATRA,Rsdcy. TAPANOELI,Div. BATAKLANDEN,Samosir,SUMATRA,,,,Rsdcy. TAPANOELI,,Div. BATAKLANDEN,Samosir,47723,48559,96282,6,6,12,6,1,7,0,0,0,47735,48566,96301
TAPANOELI,1,Dairilanden,SUMATRA,Rsdcy. TAPANOELI,Div. BATAKLANDEN,Dairilanden,SUMATRA,,,,Rsdcy. TAPANOELI,,Div. BATAKLANDEN,Dairilanden,27219,26521,53740,15,5,20,176,101,277,0,0,0,27410,26627,54037
TAPANOELI,5,Hoogvlakte van Toba,SUMATRA,Rsdcy. TAPANOELI,Div. BATAKLANDEN,Hoogvlakte van Toba,SUMATRA,,,,Rsdcy. TAPANOELI,,Div. BATAKLANDEN,Hoogvlakte van Toba,40759,44105,84864,5,3,8,25,11,36,0,0,0,40789,44119,84908
TAPANOELI,3,Baroes,SUMATRA,Rsdcy. TAPANOELI,Div. BATAKLANDEN,Baroes,SUMATRA,,,,Rsdcy. TAPANOELI,,Div. BATAKLANDEN,Baroes,24997,24892,49889,9,6,15,156,134,290,30,24,54,25192,25056,50248
TAPANOELI,6,Silindoeng,SUMATRA,Rsdcy. TAPANOELI,Div. BATAKLANDEN,Silindoeng,SUMATRA,,,,Rsdcy. TAPANOELI,,Div. BATAKLANDEN,Silindoeng,49771,52030,101801,99,82,181,177,77,254,11,10,21,50058,52199,102257
TAPANOELI,12,Noord-Nias,SUMATRA,Rsdcy. TAPANOELI,Div. NIAS,Noord-Nias,SUMATRA,,,,Rsdcy. TAPANOELI,,Div. NIAS,Noord-Nias,64349,62672,127021,34,23,57,307,324,631,81,96,177,64771,63115,127886
TAPANOELI,13,Zuid-Nias,SUMATRA,Rsdcy. TAPANOELI,Div. NIAS,Zuid-Nias,SUMATRA,,,,Rsdcy. TAPANOELI,,Div. NIAS,Zuid-Nias,29927,29130,59057,5,7,12,116,126,242,1,1,2,30049,29264,59313
TAPANOELI,14,Batoe-eilanden,SUMATRA,Rsdcy. TAPANOELI,Div. NIAS,Batoe-eilanden,SUMATRA,,,,Rsdcy. TAPANOELI,,Div. NIAS,Batoe-eilanden,6270,5767,12037,7,6,13,286,279,565,2,2,4,6565,6054,12619
TAPANOELI,8,Angkola en Sipirok,SUMATRA,Rsdcy. TAPANOELI,Div. PADANGSIDEMPOEAN,Angkola en Sipirok,SUMATRA,,,,Rsdcy. TAPANOELI,,Div. PADANGSIDEMPOEAN,Angkola en Sipirok,50392,47913,98305,79,49,128,570,282,852,58,23,81,51099,48267,99366
TAPANOELI,10,"Groot- en Klein Mandailing, Hoeloe en Pakantan",SUMATRA,Rsdcy. TAPANOELI,Div. PADANGSIDEMPOEAN,"Groot- en Klein Mandailing, Hoeloe en Pakantan",SUMATRA,,,,Rsdcy. TAPANOELI,,Div. PADANGSIDEMPOEAN,Groot- en Klein Mandailing Hoeloe en Pakantan,40903,40062,80965,11,5,16,75,42,117,31,21,52,41020,40130,81150
TAPANOELI,9,Padanglawas,SUMATRA,Rsdcy. TAPANOELI,Div. PADANGSIDEMPOEAN,Padanglawas,SUMATRA,,,,Rsdcy. TAPANOELI,,Div. PADANGSIDEMPOEAN,Padanglawas,36165,35838,72003,2,0,2,59,13,72,0,0,0,36226,35851,72077
TAPANOELI,11,Natal en Batangnatal,SUMATRA,Rsdcy. TAPANOELI,Div. PADANGSIDEMPOEAN,Natal en Batangnatal,SUMATRA,,,,Rsdcy. TAPANOELI,,Div. PADANGSIDEMPOEAN,Natal en Batangnatal,13586,12549,26135,10,1,11,97,54,151,17,15,32,13710,12619,26329
TAPANOELI,7,Sibolga en Ommelanden,SUMATRA,Rsdcy. TAPANOELI,Div. SIBOLGA EN OMMELANDEN,Sibolga en Ommelanden,SUMATRA,,,,Rsdcy. TAPANOELI,,Div. SIBOLGA EN OMMELANDEN,Sibolga en Ommelanden,20525,17683,38208,153,126,279,1231,807,2038,115,90,205,22024,18706,40730
GOUVT. WESTKUST VAN SUMATRA,4,Manindjau,SUMATRA,Rsdcy. WESTKUST VAN SUMATRA,Div. AGAM,Manindjau,SUMATRA,,,,Rsdcy. WESTKUST VAN SUMATRA,,Div. AGAM,Manindjau,48645,54966,103611,8,8,16,61,44,105,6,1,7,48720,55019,103739
GOUVT. WESTKUST VAN SUMATRA,1,Ophir,SUMATRA,Rsdcy. WESTKUST VAN SUMATRA,Div. AGAM,Ophir,SUMATRA,,,,Rsdcy. WESTKUST VAN SUMATRA,,Div. AGAM,Ophir,44308,42543,86851,38,24,62,224,54,278,13,6,19,44583,42627,87210
GOUVT. WESTKUST VAN SUMATRA,3,Oud-Agam,SUMATRA,Rsdcy. WESTKUST VAN SUMATRA,Div. AGAM,Oud-Agam,SUMATRA,,,,Rsdcy. WESTKUST VAN SUMATRA,,Div. AGAM,Oud-Agam,88733,101281,190014,299,298,597,473,339,812,148,136,284,89653,102054,191707
GOUVT. WESTKUST VAN SUMATRA,2,Loeboeksikaping,SUMATRA,Rsdcy. WESTKUST VAN SUMATRA,Div. AGAM,Loeboeksikaping,SUMATRA,,,,Rsdcy. WESTKUST VAN SUMATRA,,Div. AGAM,Loeboeksikaping,25561,25960,51521,14,4,18,8,5,13,1,0,1,25584,25969,51553
GOUVT. WESTKUST VAN SUMATRA,19,Kerintji-Indrapoera,SUMATRA,Rsdcy. WESTKUST VAN SUMATRA,Div. KERINTJIPAINAN,Kerintji-Indrapoera,SUMATRA,,,,Rsdcy. WESTKUST VAN SUMATRA,,Div. KERINTJIPAINAN,Kerintji-Indrapoera,54021,54005,108026,102,59,161,746,334,1080,45,17,62,54914,54415,109329
GOUVT. WESTKUST VAN SUMATRA,18,Painan,SUMATRA,Rsdcy. WESTKUST VAN SUMATRA,Div. KERINTJIPAINAN,Painan,SUMATRA,,,,Rsdcy. WESTKUST VAN SUMATRA,,Div. KERINTJIPAINAN,Painan,69263,70383,139646,14,10,24,420,439,859,35,23,58,69732,70855,140587
GOUVT. WESTKUST VAN SUMATRA,6,Soeliki,SUMATRA,Rsdcy. WESTKUST VAN SUMATRA,Div. LIMAPOELOE KOTA,Soeliki,SUMATRA,,,,Rsdcy. WESTKUST VAN SUMATRA,,Div. LIMAPOELOE KOTA,Soeliki,35673,35634,71307,45,28,73,21,14,35,0,0,0,35739,35676,71415
GOUVT. WESTKUST VAN SUMATRA,7,Pajakoemboeh,SUMATRA,Rsdcy. WESTKUST VAN SUMATRA,Div. LIMAPOELOE KOTA,Pajakoemboeh,SUMATRA,,,,Rsdcy. WESTKUST VAN SUMATRA,,Div. LIMAPOELOE KOTA,Pajakoemboeh,65106,61135,126241,25,15,40,564,476,1040,42,23,65,65737,61649,127386
GOUVT. WESTKUST VAN SUMATRA,5,Bangkinang,SUMATRA,Rsdcy. WESTKUST VAN SUMATRA,Div. LIMAPOELOE KOTA,Bangkinang,SUMATRA,,,,Rsdcy. WESTKUST VAN SUMATRA,,Div. LIMAPOELOE KOTA,Bangkinang,29176,33353,62529,14,10,24,251,79,330,8,16,24,29449,33458,62907
GOUVT. WESTKUST VAN SUMATRA,12,Padang,SUMATRA,Rsdcy. WESTKUST VAN SUMATRA,Div. PADANG,Padang,SUMATRA,,,,Rsdcy. WESTKUST VAN SUMATRA,,Div. PADANG,Padang,72120,63932,136052,1511,1419,2930,4392,3633,8025,777,706,1483,78800,69690,148490
GOUVT. WESTKUST VAN SUMATRA,13,Mentawai-eilanden,SUMATRA,Rsdcy. WESTKUST VAN SUMATRA,Div. PADANG,Mentawai-eilanden,SUMATRA,,,,Rsdcy. WESTKUST VAN SUMATRA,,Div. PADANG,Mentawai-eilanden,9668,8432,18100,8,8,16,24,9,33,0,0,0,9700,8449,18149
GOUVT. WESTKUST VAN SUMATRA,11,Pariaman,SUMATRA,Rsdcy. WESTKUST VAN SUMATRA,Div. PADANG,Pariaman,SUMATRA,,,,Rsdcy. WESTKUST VAN SUMATRA,,Div. PADANG,Pariaman,114594,114890,229484,24,12,36,251,254,505,71,83,154,114940,115239,230179
GOUVT. WESTKUST VAN SUMATRA,14,Solok,SUMATRA,Rsdcy. WESTKUST VAN SUMATRA,Div. SOLOK,Solok,SUMATRA,,,,Rsdcy. WESTKUST VAN SUMATRA,,Div. SOLOK,Solok,60365,62564,122929,43,30,73,138,79,217,27,28,55,60573,62701,123274
GOUVT. WESTKUST VAN SUMATRA,15,Sawahloento,SUMATRA,Rsdcy. WESTKUST VAN SUMATRA,Div. SOLOK,Sawahloento,SUMATRA,,,,Rsdcy. WESTKUST VAN SUMATRA,,Div. SOLOK,Sawahloento,23341,19638,42979,311,256,567,455,197,652,20,8,28,24127,20099,44226
GOUVT. WESTKUST VAN SUMATRA,17,Moearalaboeh,SUMATRA,Rsdcy. WESTKUST VAN SUMATRA,Div. SOLOK,Moearalaboeh,SUMATRA,,,,Rsdcy. WESTKUST VAN SUMATRA,,Div. SOLOK,Moearalaboeh,27149,24042,51191,78,49,127,267,60,327,1,0,1,27495,24151,51646
GOUVT. WESTKUST VAN SUMATRA,16,Alahanpandjang,SUMATRA,Rsdcy. WESTKUST VAN SUMATRA,Div. SOLOK,Alahanpandjang,SUMATRA,,,,Rsdcy. WESTKUST VAN SUMATRA,,Div. SOLOK,Alahanpandjang,28003,30181,58184,2,3,5,0,0,0,0,0,0,28005,30184,58189
GOUVT. WESTKUST VAN SUMATRA,8,Batipoeh en X Kota,SUMATRA,Rsdcy. WESTKUST VAN SUMATRA,Div. TANAHDATAR,Batipoeh en X Kota,SUMATRA,,,,Rsdcy. WESTKUST VAN SUMATRA,,Div. TANAHDATAR,Batipoeh en X Kota,33025,33188,66213,148,155,303,205,174,379,11,14,25,33389,33531,66920
GOUVT. WESTKUST VAN SUMATRA,10,Sidjoendjoeng,SUMATRA,Rsdcy. WESTKUST VAN SUMATRA,Div. TANAHDATAR,Sidjoendjoeng,SUMATRA,,,,Rsdcy. WESTKUST VAN SUMATRA,,Div. TANAHDATAR,Sidjoendjoeng,33137,33846,66983,16,7,23,94,40,134,0,0,0,33247,33893,67140
GOUVT. WESTKUST VAN SUMATRA,9,Fort van der Capellen,SUMATRA,Rsdcy. WESTKUST VAN SUMATRA,Div. TANAHDATAR,Fort van der Capellen,SUMATRA,,,,Rsdcy. WESTKUST VAN SUMATRA,,Div. TANAHDATAR,Fort van der Capellen,74786,81219,156005,8,10,18,70,68,138,47,44,91,74911,81341,156252
